Div,Date,HomeTeam,AwayTeam,FTHG,FTAG,FTR,HTHG,HTAG,HTR,B365H,B365D,B365A,GBH,GBD,GBA,IWH,IWD,IWA,SOH,SOD,SOA,SBH,SBD,SBA,WHH,WHD,WHA,GB>2.5,GB<2.5,GBAHH,GBAHA,GBAH,,,,,,,,,,,,,,,,,,,
N1,15/08/03,Roda JC,PSV Eindhoven,2,2,D,2,1,H,3.4,3.5,1.833,4.2,3.4,1.7,4,3.3,1.7,,,,3.6,3.5,1.8,4,3.6,1.66,1.55,2.25,,,,,,,,,,,,,,,,,,,,,,
N1,16/08/03,Twente,Roosendaal,3,1,H,0,1,A,1.8,3.4,3.6,1.75,3.4,4,1.55,3.6,4.6,,,,1.72,3.4,4.2,1.7,3.3,4.1,1.65,2.05,,,,,,,,,,,,,,,,,,,,,,
N1,16/08/03,Waalwijk,Den Haag,1,0,H,0,0,D,1.571,3.5,5,1.55,3.6,5.25,1.65,3.4,4.2,,,,1.61,3.4,5,1.65,3.5,4.1,1.6,2.15,,,,,,,,,,,,,,,,,,,,,,
N1,16/08/03,Willem II,AZ Alkmaar,1,0,H,1,0,H,1.909,3.4,3.25,1.8,3.35,3.8,1.75,3.3,3.8,,,,1.9,3.25,3.5,1.85,3.3,3.4,1.6,2.15,,,,,,,,,,,,,,,,,,,,,,
N1,17/08/03,Feyenoord,Nijmegen,2,1,H,0,0,D,1.333,4,8,1.35,4.2,7.5,1.25,4.5,9,,,,1.33,4.2,8,1.28,4.5,8,1.5,2.35,,,,,,,,,,,,,,,,,,,,,,
N1,17/08/03,Groningen,NAC Breda,1,0,H,1,0,H,2.4,3.4,2.4,2.45,3.25,2.5,2.2,3.1,2.8,,,,2.4,3.3,2.5,2.25,3.3,2.55,1.71,2,,,,,,,,,,,,,,,,,,,,,,
N1,17/08/03,Utrecht,Zwolle,1,0,H,1,0,H,1.533,3.4,5.5,1.5,3.7,5.5,1.55,3.5,4.8,,,,1.44,3.75,6.5,1.55,3.55,4.75,1.55,2.25,,,,,,,,,,,,,,,,,,,,,,
N1,17/08/03,Vitesse,Ajax,1,2,A,1,1,D,4,3.4,1.727,4.25,3.6,1.65,4.8,3.5,1.55,,,,4.5,3.4,1.66,4.5,3.75,1.57,1.55,2.25,,,,,,,,,,,,,,,,,,,,,,
N1,17/08/03,Volendam,Heerenveen,0,1,A,0,1,A,3.6,3.4,1.8,4.25,3.4,1.7,3.1,3.2,2,,,,3.5,3.25,1.9,3.05,3.25,2,1.6,2.15,,,,,,,,,,,,,,,,,,,,,,
N1,22/08/03,AZ Alkmaar,Twente,3,0,H,1,0,H,1.909,3.4,3.25,1.9,3.3,3.5,2.1,3.2,2.9,,,,1.9,3.25,3.4,1.85,3.3,3.4,1.71,2,,,,,,,,,,,,,,,,,,,,,,
N1,23/08/03,Den Haag,Utrecht,1,1,D,0,1,A,2.375,3.5,2.375,2.4,3.2,2.6,2.3,3.2,2.5,,,,2.4,3.4,2.4,2.35,3.3,2.45,1.71,2,,,,,,,,,,,,,,,,,,,,,,
N1,23/08/03,Heerenveen,Feyenoord,1,0,H,1,0,H,2.6,3.4,2.25,2.55,3.3,2.35,2.4,3.2,2.4,,,,2.6,3.25,2.3,2.7,3.3,2.2,1.6,2.15,,,,,,,,,,,,,,,,,,,,,,
N1,23/08/03,NAC Breda,Vitesse,2,0,H,0,0,D,1.667,3.4,4.333,1.8,3.3,3.9,1.9,3.2,3.4,,,,1.75,3.3,4,1.8,3.3,3.6,1.75,2,,,,,,,,,,,,,,,,,,,,,,
N1,23/08/03,PSV Eindhoven,Willem II,6,1,H,4,1,H,1.167,5.5,11,1.15,6,13,1.2,5,10,,,,1.16,5.5,11,1.16,6,10,1.45,2.5,,,,,,,,,,,,,,,,,,,,,,
N1,23/08/03,Roosendaal,Ajax,0,1,A,0,1,A,6,3.75,1.444,6.7,3.7,1.4,6,3.9,1.4,,,,6,3.75,1.44,7,4,1.36,1.6,2.15,,,,,,,,,,,,,,,,,,,,,,
N1,24/08/03,Nijmegen,Roda JC,1,3,A,0,1,A,2.2,3.4,2.625,2.15,3.2,2.95,2.1,3.2,2.9,,,,2.2,3.25,2.75,2.1,3.3,2.8,1.6,2.15,,,,,,,,,,,,,,,,
N1,24/08/03,Volendam,Groningen,3,0,H,2,0,H,2.25,3.4,2.6,2.2,3.2,2.85,2.3,3.2,2.5,,,,2.37,3.25,2.5,2.3,3.25,2.55,1.71,2,,,,,,,,,,,,,,,,
N1,24/08/03,Zwolle,Waalwijk,0,3,A,0,2,A,2.375,3.5,2.375,2.4,3.2,2.6,2.3,3.2,2.5,,,,2.4,3.4,2.4,2.3,3.25,2.55,1.75,1.95,,,,,,,,,,,,,,,,
N1,29/08/03,Vitesse,AZ Alkmaar,1,2,A,0,1,A,2,3.4,3,2,3.3,3.2,2,3.3,3,,,,2,3.25,3.25,1.85,3.3,3.4,1.79,1.9,,,,,,,,,,,,,,,,
N1,29/08/03,Willem II,Heerenveen,2,0,H,2,0,H,2.375,3.25,2.5,2.4,3.25,2.55,2.4,3.2,2.4,,,,2.37,3.2,2.6,2.3,3.3,2.5,1.75,1.95,,,,,,,,,,,,,,,,
N1,30/08/03,Roda JC,Roosendaal,0,2,A,0,1,A,1.4,3.75,7,1.32,4.35,8,1.3,4.2,8,,,,1.36,4,7.5,1.35,4,6.8,1.65,2.05,,,,,,,,,,,,,,,,
N1,30/08/03,Twente,PSV Eindhoven,0,2,A,0,2,A,5,3.6,1.533,4.8,3.6,1.55,4.6,3.4,1.6,,,,5.5,3.4,1.57,5,3.6,1.53,1.6,2.15,,,,,,,,,,,,,,,,
N1,31/08/03,Ajax,Zwolle,1,0,H,1,0,H,1.1,7,13,1.1,7.5,13.5,1.12,6.5,13,,,,1.1,6.5,19,1.11,6.5,15,1.25,3.5,,,,,,,,,,,,,,,,
N1,31/08/03,Feyenoord,NAC Breda,2,1,H,0,1,A,1.364,4,7,1.37,4.15,7,1.35,4,7,,,,1.36,4,7.5,1.36,4,7,1.5,2.35,,,,,,,,,,,,,,,,
N1,31/08/03,Groningen,Den Haag,2,0,H,1,0,H,1.833,3.2,3.75,1.85,3.3,3.7,1.8,3.3,3.6,,,,1.83,3.25,3.75,1.8,3.3,3.6,1.85,1.85,,,,,,,,,,,,,,,,
N1,31/08/03,Utrecht,Nijmegen,0,1,A,0,1,A,2.1,3.2,3,1.95,3.3,3.35,1.9,3.2,3.4,,,,2,3.2,3.3,1.85,3.3,3.4,1.75,1.95,,,,,,,,,,,,,,,,
N1,31/08/03,Waalwijk,Volendam,3,0,H,3,0,H,1.5,3.75,5,1.5,3.65,5.65,1.45,3.8,5.4,,,,1.44,3.75,6.5,1.45,3.6,5.8,1.71,2,,,,,,,,,,,,,,,,
N1,12/09/03,Den Haag,Volendam,1,1,D,1,1,D,1.72,3.6,3.75,1.65,3.5,4.5,1.7,3.4,3.8,,,,1.66,3.4,4.5,1.75,3.5,3.6,1.6,2.15,,,,,,,,,,,,,,,,
N1,13/09/03,Ajax,Waalwijk,4,1,H,2,0,H,1.28,4.5,8,1.23,5,9.6,1.25,4.5,9,,,,1.28,4.5,8.5,1.22,5.5,8,1.45,2.45,,,,,,,,,,,,,,,,
N1,13/09/03,Heerenveen,Groningen,1,0,H,1,0,H,1.44,3.75,6,1.43,4,6,1.4,3.9,6,,,,1.5,3.6,5.75,1.5,3.7,5,1.8,1.9,,,,,,,,,,,,,,,,
N1,13/09/03,PSV Eindhoven,Utrecht,2,1,H,1,0,H,1.2,5,11,1.17,5.75,11.5,1.17,5.5,11,,,,1.16,5.5,13,1.16,6.5,9,1.45,2.45,,,,,,,,,,,,,,,,
N1,13/09/03,Roosendaal,Vitesse,1,1,D,0,1,A,1.9,3.4,3.25,1.95,3.3,3.35,2,3.3,3,,,,1.9,3.4,3.4,2,3.25,3.05,1.65,2,,,,,,,,,,,,
N1,13/09/03,Zwolle,Roda JC,0,0,D,0,0,D,3,3.4,2,3.25,3.25,2,3,3.3,2,,,,3,3.25,2.1,2.55,3.3,2.25,1.6,2.1,,,,,,,,,,,,
N1,14/09/03,AZ Alkmaar,Feyenoord,2,2,D,2,1,H,3,3.4,2,3.2,3.3,2,3.3,3.3,1.9,,,,3.25,3.4,1.95,3.75,3.6,1.72,1.55,2.2,,,,,,,,,,,,
N1,14/09/03,NAC Breda,Willem II,1,1,D,0,1,A,1.8,3.4,3.6,1.75,3.4,4,1.9,3.3,3.3,,,,1.8,3.4,3.75,1.85,3.3,3.4,1.71,1.95,,,,,,,,,,,,
N1,14/09/03,Nijmegen,Twente,2,1,H,0,1,A,1.8,3.4,3.6,1.9,3.4,3.4,1.8,3.3,3.6,,,,1.75,3.4,4,1.75,3.4,3.7,1.71,1.95,,,,,,,,,,,,
N1,19/09/03,Volendam,Nijmegen,2,3,A,1,2,A,2.75,3.2,2.25,2.7,3.3,2.25,2.7,3.2,2.2,,,,2.8,3.25,2.2,2.45,3.3,2.35,1.85,1.85,,,,,,,,,,,,
N1,20/09/03,AZ Alkmaar,Heerenveen,3,1,H,2,1,H,2.2,3.4,2.75,2.15,3.4,2.8,2.4,3.2,2.4,,,,2.2,3.4,2.75,2.2,3.2,2.7,1.65,2.05,,,,,,,,,,,,
N1,20/09/03,Den Haag,Roosendaal,1,2,A,0,1,A,2.2,3.2,2.8,2.11,3.35,2.9,2.1,3.1,3,,,,2.1,3.4,2.87,2,3.4,2.9,1.75,1.95,,,,,,,,,,,,
N1,20/09/03,Twente,Waalwijk,2,1,H,1,0,H,2.25,3.4,2.62,2.35,3.3,2.6,2,3.2,3.1,,,,2.25,3.25,2.75,2.25,3.3,2.55,1.75,1.95,,,,,,,,,,,,
N1,20/09/03,Vitesse,Roda JC,1,1,D,1,1,D,2.4,3.4,2.4,2.45,3.25,2.5,2.4,3.2,2.4,,,,2.4,3.3,2.5,2.3,3.3,2.5,1.75,1.95,,,,,,,,,,,,
N1,20/09/03,Willem II,Zwolle,2,1,H,1,0,H,1.4,3.75,7,1.33,4.3,7.55,1.4,3.9,6,,,,1.44,3.75,6.5,1.45,3.6,5.8,1.65,2.05,,,,,,,,,,,,
N1,21/09/03,Feyenoord,PSV Eindhoven,1,3,A,1,1,D,2.37,3.4,2.5,2.45,3.25,2.5,2.4,3.2,2.4,,,,2.4,3.2,2.6,2.37,3.3,2.5,1.71,2,,,,,,,,,,,,
N1,21/09/03,Groningen,Utrecht,1,1,D,1,1,D,2.1,3.4,2.87,2.1,3.25,3,2.2,3.1,2.8,,,,2.1,3.4,2.87,2.1,3.3,2.8,1.85,1.85,,,,,,,,,,,,
N1,21/09/03,NAC Breda,Ajax,4,2,H,3,0,H,4.5,3.5,1.61,4.6,3.4,1.65,4.4,3.3,1.65,,,,4.5,3.4,1.66,5,3.8,1.5,1.65,2.05,,,,,,,,,,,,
N1,27/09/03,Heerenveen,Twente,3,0,H,2,0,H,1.72,3.5,4,1.65,3.5,4.5,1.7,3.3,4,,,,1.66,3.4,4.33,1.55,3.5,4.8,1.65,2.05,,,,,,,,,,,,
N1,27/09/03,PSV Eindhoven,AZ Alkmaar,0,1,A,0,0,D,1.25,5,8,1.22,5,10.5,1.22,4.7,9,,,,1.25,4.5,9.5,1.22,5,9.5,1.35,2.85,,,,,,,,,,,,
N1,27/09/03,Roosendaal,Volendam,1,1,D,0,1,A,1.66,3.4,4.33,1.63,3.4,4.85,1.7,3.3,4,,,,1.66,3.25,4.6,1.65,3.35,4.25,1.65,2.05,,,,,,,,,,,,
N1,28/09/03,Ajax,Willem II,6,0,H,2,0,H,1.25,5,8,1.22,5,10.5,1.25,4.5,9,,,,1.25,4.5,9.5,1.22,5,9.5,1.3,2.9,,,,,,,,,,,,
N1,28/09/03,Nijmegen,Den Haag,1,2,A,1,0,H,1.61,3.5,4.5,1.6,3.55,4.75,1.55,3.5,4.8,,,,1.53,3.6,5,1.5,3.6,5.2,1.65,2.05,,,,,,,,,,,,
N1,28/09/03,Roda JC,Groningen,0,0,D,0,0,D,1.61,3.5,4.5,1.6,3.55,4.75,1.6,3.4,4.6,,,,1.57,3.5,5,1.65,3.3,4.4,1.71,2,,,,,,,,,,,,
N1,28/09/03,Utrecht,Vitesse,1,3,A,1,1,D,1.72,3.5,4,1.77,3.35,4,1.7,3.3,4,,,,1.8,3.4,3.6,1.7,3.3,4.1,1.71,2,,,,,,,,,,,,
N1,28/09/03,Waalwijk,NAC Breda,2,0,H,1,0,H,1.8,3.4,3.6,1.85,3.35,3.6,2,3.2,3.1,,,,1.9,3.2,3.5,1.8,3.3,3.6,1.65,2.05,,,,,,,,,,,,
N1,28/09/03,Zwolle,Feyenoord,0,3,A,0,0,D,5,4,1.5,6,3.85,1.45,4.6,3.4,1.6,,,,5.5,3.5,1.53,4.5,3.5,1.61,1.65,2.05,,,,,,,,,,,,
N1,03/10/03,Vitesse,Twente,3,5,A,2,3,A,2,3.4,3,2.05,3.25,3.1,2,3.2,3.1,,,,2,3.25,3.25,1.85,3.35,3.35,1.65,2.05,,,,,,,,,,,,
N1,04/10/03,AZ Alkmaar,Nijmegen,2,0,H,1,0,H,1.83,3.25,3.75,1.8,3.4,3.75,1.7,3.3,4,,,,1.75,3.4,4,1.75,3.35,3.75,1.6,2.15,,,,,,,,,,,,
N1,04/10/03,Den Haag,PSV Eindhoven,0,4,A,0,1,A,7.5,4.33,1.33,7.5,4.3,1.3,7,4,1.35,,,,6.5,4,1.4,5.5,4.33,1.4,1.5,2.35,,,,,,,,,,,,
N1,04/10/03,Heerenveen,Waalwijk,1,0,H,1,0,H,1.61,3.5,4.5,1.65,3.4,4.6,1.7,3.3,4,,,,1.72,3.4,4.2,1.7,3.4,3.9,1.6,2.15,,,,,,,,,,,,
N1,04/10/03,NAC Breda,Utrecht,1,2,A,1,0,H,1.66,3.4,4.33,1.7,3.4,4.25,1.7,3.3,4,,,,1.66,3.4,4.5,1.75,3.35,3.75,1.71,2,,,,,,,,,,,,
N1,04/10/03,Willem II,Roda JC,0,2,A,0,1,A,2,3.4,3,2,3.25,3.25,2,3.2,3.1,,,,1.9,3.4,3.4,1.9,3.3,3.25,1.71,2,,,,,,,,,,,,
N1,05/10/03,Feyenoord,Roosendaal,2,0,H,1,0,H,1.25,4.5,10,1.25,4.5,10,1.25,4.5,9,,,,1.22,5,10,1.22,5,9.5,1.3,2.9,,,,,,,,,,,,
N1,05/10/03,Groningen,Ajax,1,3,A,1,1,D,5,3.5,1.57,5.5,3.7,1.5,5.4,3.8,1.45,,,,5.5,3.75,1.5,5,3.8,1.5,1.6,2.15,,,,,,,,,,,,
N1,05/10/03,Volendam,Zwolle,2,2,D,1,2,A,1.9,3.4,3.25,1.85,3.4,3.55,1.85,3.2,3.5,,,,1.8,3.4,3.75,1.75,3.35,3.75,1.71,2,,,,,,,,,,,,
N1,17/10/03,Ajax,Volendam,5,1,H,3,1,H,1.1,7,13,1.1,7,15.5,1.07,7,18,,,,1.1,7,15,1.1,6.5,17,,,,,,,,,,,,,,,
N1,18/10/03,PSV Eindhoven,Heerenveen,2,0,H,1,0,H,1.3,4.33,8,1.3,4.4,8.3,1.3,4.2,8,,,,1.33,4.2,7.5,1.36,3.75,8,1.35,2.85,,,,,,,,,,,,,
N1,18/10/03,Roosendaal,Willem II,0,0,D,0,0,D,2.1,3.3,2.87,2.2,3.3,2.8,2.2,3.1,2.8,,,,2.2,3.25,2.75,2.1,3.3,2.8,1.65,2.05,,,,,,,,,,,,,
N1,18/10/03,Waalwijk,Vitesse,2,2,D,1,0,H,1.66,3.4,4.33,1.63,3.6,4.45,1.65,3.4,4.2,,,,1.61,3.4,4.75,1.6,3.5,4.4,1.6,2.15,,,,,,,,,,,,,
N1,19/10/03,Nijmegen,NAC Breda,0,3,A,0,2,A,2,3.4,3,1.9,3.4,3.4,1.9,3.2,3.4,,,,1.9,3.3,3.3,1.8,3.3,3.6,1.6,2.15,,,,,,,,,,,,,
N1,19/10/03,Roda JC,Feyenoord,1,1,D,1,1,D,2.8,3.4,2.1,2.85,3.35,2.15,2.6,3.1,2.3,,,,2.75,3.25,2.2,3,3.4,2,1.65,2.05,,,,,,,,,,,,,
N1,19/10/03,Twente,Groningen,5,3,H,3,2,H,1.66,3.4,4.33,1.72,3.45,4.1,1.75,3.3,3.8,,,,1.72,3.25,4.2,1.8,3.3,3.6,1.71,2,,,,,,,,,,,,,
N1,19/10/03,Utrecht,AZ Alkmaar,0,3,A,0,3,A,2.37,3.25,2.5,2.4,3.25,2.55,2.3,3.1,2.6,,,,2.3,3.25,2.6,2.35,3.3,2.45,1.6,2.15,,,,,,,,,,,,,
N1,19/10/03,Zwolle,Den Haag,1,2,A,1,1,D,2,3.2,3.2,2.1,3.3,3,2.1,3.2,2.9,,,,2.1,3.2,3,2.05,3.3,2.9,1.65,2.05,,,,,,,,,,,,,
N1,24/10/03,Volendam,Roda JC,2,1,H,0,1,A,3.25,3.4,1.9,3.55,3.25,1.9,3.6,3.2,1.8,,,,3.5,3.2,1.9,2.7,3.3,2.15,1.71,2,,,,,,,,,,,,,
N1,25/10/03,AZ Alkmaar,Zwolle,4,0,H,3,0,H,1.25,5,8,1.25,4.85,9,1.25,4.5,9,,,,1.28,4.5,8,1.3,4.4,7,1.55,2.25,,,,,,,,,,,,,
N1,25/10/03,Den Haag,NAC Breda,1,1,D,1,0,H,2.4,3.25,2.5,2.4,3.25,2.55,2.7,3.2,2.2,,,,2.4,3.2,2.5,2.25,3.3,2.55,1.71,2,,,,,,,,,,,,,
N1,25/10/03,Groningen,Vitesse,2,1,H,0,0,D,1.83,3.4,3.5,1.9,3.25,3.55,1.9,3.2,3.4,,,,2,3.4,3,1.95,3.25,3.15,1.71,2,,,,,,,,,,,,,
N1,25/10/03,Heerenveen,Nijmegen,1,2,A,0,1,A,1.5,3.6,5.5,1.52,3.45,6,1.5,3.7,5,,,,1.57,3.5,5,1.55,3.5,4.8,1.71,2,,,,,,,,,,,,,
N1,25/10/03,Waalwijk,Roosendaal,1,2,A,1,0,H,1.8,3.4,3.75,1.72,3.45,4,1.7,3.3,4,,,,1.66,3.4,4.33,1.7,3.35,3.95,1.71,2,,,,,,,,,,,,,
N1,26/10/03,Feyenoord,Willem II,2,1,H,1,0,H,1.28,4.5,8,1.28,4.5,9,1.3,4.2,8,,,,1.3,4.33,8,1.36,4,7,1.6,2.15,,,,,,,,,,,,,
N1,26/10/03,PSV Eindhoven,Ajax,2,2,D,0,0,D,2.2,3.2,2.8,2.25,3.2,2.8,1.9,3.3,3.3,,,,2.2,3.1,2.87,2.1,3.2,3,1.75,1.95,,,,,,,,,,,,,
N1,26/10/03,Twente,Utrecht,2,2,D,0,1,A,1.83,3.25,3.75,1.85,3.25,3.75,1.75,3.3,3.8,,,,1.8,3.4,3.6,1.85,3.3,3.4,1.6,2.15,,,,,,,,,,,,,
N1,31/10/03,Roda JC,Den Haag,5,1,H,2,1,H,1.53,3.6,5,1.45,3.75,6.35,1.6,3.4,4.6,,,,1.57,3.5,5,1.65,3.4,4.2,1.6,2.1,,,,,,,,,,,,,
N1,01/11/03,Ajax,AZ Alkmaar,3,2,H,1,2,A,1.3,4.33,8,1.3,4.5,8,1.4,3.9,6,,,,1.36,4,7,1.4,3.75,7,1.4,2.6,,,,,,,,,,,,,
N1,01/11/03,NAC Breda,PSV Eindhoven,1,3,A,0,3,A,4.33,3.4,1.66,5,3.45,1.6,3.8,3.1,1.8,,,,4.33,3.4,1.67,4.2,3.5,1.66,1.55,2.2,,,,,,,,,,,,,
N1,01/11/03,Roosendaal,Nijmegen,1,0,H,0,0,D,2.1,3.4,2.8,2.1,3.1,3.15,2.2,3.1,2.8,,,,2.1,3.3,2.88,2.1,3.3,2.8,1.71,1.95,,,,,,,,,,,,,
N1,01/11/03,Vitesse,Volendam,2,2,D,0,2,A,1.72,3.4,4,1.65,3.5,4.5,1.6,3.4,4.6,,,,1.7,3.4,4.2,1.85,3.3,3.4,1.55,2.2,,,,,,,,,,,,,
N1,02/11/03,Groningen,Feyenoord,3,3,D,0,3,A,4,3.4,1.72,4,3.4,1.75,4,3.3,1.7,,,,4,3.4,1.73,4,3.4,1.72,1.6,2.1,,,,,,,,,,,,,
N1,02/11/03,Utrecht,Heerenveen,2,1,H,0,0,D,2.37,3.25,2.5,2.4,3.1,2.65,2.4,3,2.6,,,,2.4,3.25,2.5,2.35,3.3,2.45,1.65,2,,,,,,,,,,,,,
N1,02/11/03,Willem II,Waalwijk,4,1,H,2,1,H,2,3.4,3,2.05,3.15,3.25,1.9,3.3,3.3,,,,2,3.4,3,2.05,3.25,2.9,1.65,2,,,,,,,,,,,,,
N1,02/11/03,Zwolle,Twente,1,0,H,0,0,D,3,3.4,2,3.1,3.15,2.1,3.4,3.3,1.85,,,,3.1,3.3,2,2.6,3.25,2.25,1.55,2.2,,,,,,,,,,,,,
N1,07/11/03,Vitesse,Willem II,2,2,D,1,2,A,2.3,3.4,2.5,2.25,3.2,2.8,2.2,3.2,2.7,,,,2.25,3.25,2.7,2.35,3.2,2.5,1.6,2.1,,,,,,,,,,,,,
N1,08/11/03,Heerenveen,Zwolle,1,1,D,0,0,D,1.25,5,8,1.25,4.7,10,1.33,4,7.5,,,,1.25,4.75,8.5,1.35,4,6.9,1.6,2.1,,,,,,,,,,,,,
N1,08/11/03,NAC Breda,AZ Alkmaar,1,2,A,1,1,D,2.5,3.25,2.37,2.45,3.2,2.55,2.4,3.2,2.4,,,,2.5,3.25,2.37,2.4,3.3,2.4,1.6,2.1,,,,,,,,,,,,,
N1,08/11/03,PSV Eindhoven,Roosendaal,1,1,D,1,0,H,1.2,5,11,1.18,5.5,11.5,1.15,6,12,,,,1.2,5,11,1.2,5,11,1.45,2.45,,,,,,,,,,,,,
N1,08/11/03,Roda JC,Twente,2,1,H,1,1,D,1.83,3.25,3.6,1.85,3.3,3.65,1.8,3.3,3.6,,,,1.8,3.4,3.6,1.85,3.25,3.45,1.6,2.1,,,,,,,,,,,,,
N1,09/11/03,Den Haag,Ajax,1,4,A,1,1,D,7,3.75,1.4,6.75,3.95,1.4,8,4.2,1.3,,,,6.5,4,1.4,6,3.75,1.44,1.45,2.45,,,,,,,,,,,,,,,,
N1,09/11/03,Nijmegen,Groningen,2,3,A,2,0,H,1.72,3.4,4,1.72,3.4,4.15,1.8,3.3,3.6,,,,1.75,3.4,3.8,1.9,3.3,3.25,1.65,2,,,,,,,,,,,,,,,,
N1,09/11/03,Utrecht,Waalwijk,1,0,H,0,0,D,2,3.4,3,2.02,3.3,3.15,1.9,3.3,3.3,,,,1.9,3.4,3.25,1.95,3.3,3.1,1.6,2.1,,,,,,,,,,,,,,,,
N1,09/11/03,Volendam,Feyenoord,1,3,A,1,1,D,5.5,3.6,1.5,5.85,3.6,1.5,5,3.7,1.5,,,,5,3.5,1.57,4.5,3.5,1.61,1.55,2.2,,,,,,,,,,,,,,,,
N1,21/11/03,Waalwijk,Groningen,1,1,D,1,0,H,1.83,3.4,3.5,1.75,3.4,4,1.8,3.3,3.6,,,,1.83,3.25,3.75,1.7,3.35,4,1.6,2.15,,,,,,,,,,,,,,,,
N1,22/11/03,AZ Alkmaar,Roda JC,1,5,A,0,1,A,1.9,3.4,3.25,1.85,3.3,3.7,1.75,3.3,3.8,,,,1.8,3.25,3.8,,,,1.5,2.35,,,,,,,,,,,,,,,,
N1,22/11/03,Feyenoord,Vitesse,3,0,H,2,0,H,1.28,4.5,8,1.25,4.85,9,1.25,4.5,9,,,,1.25,4.5,10,1.22,5,9.5,1.4,2.65,,,,,,,,,,,,,,,,
N1,22/11/03,Nijmegen,PSV Eindhoven,2,3,A,2,1,H,5,3.75,1.53,5.5,3.75,1.5,5.4,3.8,1.45,,,,5.5,3.5,1.53,5,3.6,1.53,1.4,2.65,,,,,,,,,,,,,,,,
N1,22/11/03,Willem II,Volendam,6,0,H,3,0,H,1.53,3.75,5,1.55,3.7,5,1.5,3.7,5,,,,1.53,3.5,5.5,,,,1.55,2.25,,,,,,,,,,,,,,,,
N1,22/11/03,Zwolle,NAC Breda,0,2,A,0,1,A,2.62,3.25,2.3,2.6,3.25,2.35,2.8,3.1,2.2,,,,2.5,3.2,2.4,,,,1.71,2,,,,,,,,,,,,,,,,
N1,23/11/03,Ajax,Heerenveen,3,1,H,2,1,H,1.28,4.5,8,1.25,4.85,9,1.25,4.5,9,,,,1.29,4.5,8,1.2,5.5,9,1.35,2.85,,,,,,,,,,,,,,,,
N1,23/11/03,Roosendaal,Utrecht,1,1,D,0,0,D,2.1,3.25,3,2.05,3.25,3.1,2.3,2.9,2.8,,,,2.1,3.2,3,1.95,3.2,3.2,1.75,1.95,,,,,,,,,,,,,,,,
N1,23/11/03,Twente,Den Haag,4,0,H,2,0,H,1.66,3.4,4.33,1.58,3.5,5,1.55,3.5,4.8,,,,1.62,3.4,4.75,,,,1.5,2.35,,,,,,,,,,,,,,,,
N1,28/11/03,Groningen,Roosendaal,2,0,H,0,0,D,2,3.4,3,2,3.2,3.3,2,3.2,3.1,,,,2,3.2,3.2,2,3.2,3.1,1.55,2.2,,,,,,,,,,,,,,,,
N1,29/11/03,Den Haag,Vitesse,1,1,D,1,0,H,2.2,3.25,2.75,2.3,3.2,2.7,2.3,3.1,2.6,,,,2.2,3.2,2.8,2.1,3.2,2.85,1.6,2.1,,,,,,,,,,,,,,,,
N1,29/11/03,Twente,NAC Breda,2,1,H,0,0,D,1.83,3.4,3.5,1.9,3.25,3.55,1.9,3.2,3.4,,,,1.85,3.4,3.5,1.85,3.3,3.4,1.55,2.2,,,,,,,,,,,,,,,,
N1,29/11/03,Willem II,Nijmegen,3,0,H,0,0,D,1.66,3.4,4.33,1.75,3.4,4,1.7,3.3,4,,,,1.7,3.25,4.33,1.65,3.5,4.1,1.55,2.2,,,,,,,,,,,,,,,,
N1,29/11/03,Zwolle,PSV Eindhoven,0,4,A,0,2,A,8,4.5,1.28,9,4.5,1.28,9,4.5,1.25,,,,8,5,1.25,8,3.75,1.36,1.45,2.45,,,,,,,,,,,,,,,,
N1,30/11/03,Ajax,Feyenoord,2,0,H,2,0,H,1.57,3.5,5,1.61,3.5,4.8,1.75,3.3,3.8,,,,1.62,3.4,5,1.66,3.3,4.5,1.55,2.2,,,,,,,,,,,,,,,,
N1,30/11/03,Utrecht,Roda JC,3,1,H,1,0,H,2.37,3.3,2.5,2.35,3.25,2.6,2.4,3.2,2.4,,,,2.3,3.25,2.62,2.25,3.25,2.6,1.6,2.1,,,,,,,,,,,,,,,,
N1,30/11/03,Waalwijk,AZ Alkmaar,1,1,D,0,0,D,2.5,3.3,2.37,2.5,3.25,2.45,2.6,3.3,2.2,,,,2.5,3.25,2.4,2.45,3.2,2.4,1.6,2.1,,,,,,,,,,,,,,,,
N1,03/12/03,AZ Alkmaar,Groningen,2,1,H,1,0,H,1.57,3.5,5,1.55,3.65,5.1,1.6,3.4,4.6,,,,1.53,3.6,5.25,1.53,3.6,5,1.65,2.05,,,,,,,,,,,,,,,,
N1,03/12/03,Heerenveen,Den Haag,2,0,H,1,0,H,1.44,3.75,6,1.45,3.75,6.25,1.45,3.8,5.4,,,,1.44,3.75,6,1.44,3.75,6,1.65,2.05,,,,,,,,,,,,,,,,
N1,03/12/03,Volendam,Twente,2,0,H,1,0,H,2.5,3.25,2.37,2.85,3.25,2.2,2.7,3.2,2.2,,,,2.5,3.25,2.4,2.4,3.4,2.4,1.65,2.05,,,,,,,,,,,,,,,,
N1,06/12/03,Nijmegen,Waalwijk,1,1,D,0,0,D,2,3.4,3,1.95,3.25,3.4,1.9,3.3,3.3,,,,2,3.2,3.2,2,3.3,3,1.52,2.3,,,,,,,,,,,,,,,,
N1,06/12/03,PSV Eindhoven,Volendam,7,0,H,2,0,H,1.14,6,12,1.15,6,12.5,1.12,6.5,13,,,,1.14,6,12,1.16,5.5,12,1.35,2.85,,,,,,,,,,,,,,,,
N1,06/12/03,Willem II,Utrecht,0,2,A,0,0,D,1.83,3.4,3.5,1.8,3.3,3.9,1.75,3.3,3.8,,,,1.8,3.3,3.75,1.7,3.35,4,1.71,2,,,,,,,,,,,,,,,,
N1,07/12/03,Feyenoord,Den Haag,4,1,H,2,1,H,1.2,5,11,1.2,5.2,11,1.17,5.5,11,,,,1.16,5.5,11,1.2,5,11,1.47,2.4,,,,,,,,,,,,,,,,
N1,07/12/03,NAC Breda,Heerenveen,2,3,A,1,3,A,2.1,3.4,2.87,2.1,3.3,3,2.1,3.2,2.9,,,,2.1,3.3,2.87,2,3.3,3,1.75,1.95,,,,,,,,,,,,,,,,
N1,07/12/03,Roosendaal,AZ Alkmaar,1,0,H,0,0,D,2.3,3.4,2.5,2.55,3.25,2.4,2.7,3.2,2.2,,,,2.5,3.2,2.4,2.45,3.2,2.4,,,,,,,,,,,,,,,,,,
N1,07/12/03,Vitesse,Zwolle,5,2,H,3,1,H,1.61,3.5,4.5,1.72,3.35,4.2,1.7,3.3,4,,,,1.61,3.5,4.5,1.7,3.35,4,1.5,2.35,,,,,,,,,,,,,,,,
N1,12/12/03,Roda JC,NAC Breda,2,2,D,2,0,H,1.727,3.5,4,1.73,3.4,4.1,1.7,3.2,4.2,,,,1.7,3.3,4.33,1.75,3.25,3.9,1.79,1.9,,,,,,,,,,,,,,,,
N1,13/12/03,Den Haag,Willem II,0,1,A,0,1,A,2.5,3.4,2.3,2.8,3.3,2.2,3,3.1,2.1,,,,2.75,3.25,2.2,2.5,3.3,2.3,1.71,2,,,,,,,,,,,,,,,,,,
N1,13/12/03,PSV Eindhoven,Waalwijk,3,1,H,1,1,D,1.2,5,11,1.16,5.6,13,1.15,6,12,,,,1.16,5.5,12,1.2,5,11,1.65,2.05,,,,,,,,,,,,,,,,,,
N1,13/12/03,Roosendaal,Heerenveen,1,1,D,1,0,H,2.3,3.4,2.5,2.35,3.3,2.6,2.3,3.1,2.6,,,,2.25,3.3,2.62,2.2,3.15,2.75,1.95,1.75,,,,,,,,,,,,,,,,,,
N1,13/12/03,Twente,Feyenoord,4,2,H,2,1,H,3,3.4,2,3.1,3.25,2.05,3.1,3.2,2,,,,3,3.2,2.1,3.25,3.4,1.9,1.45,2.5,,,,,,,,,,,,,,,,,,
N1,14/12/03,Ajax,Utrecht,1,0,H,0,0,D,1.2,5,11,1.2,5.4,10.1,1.22,4.8,9.5,,,,1.22,5,9,1.22,5,9.5,1.5,2.35,,,,,,,,,,,,,,,,,,
N1,14/12/03,Nijmegen,Vitesse,2,0,H,2,0,H,2,3.2,3.2,2,3.25,3.25,1.9,3.2,3.4,,,,2,3.3,3.1,1.95,3.2,3.2,1.55,2.25,,,,,,,,,,,,,,,,,,
N1,14/12/03,Volendam,AZ Alkmaar,0,6,A,0,2,A,3.2,3.2,2,3.2,3.3,2,3.4,3.2,1.9,,,,3.1,3.3,2,2.85,3.2,2.1,1.5,2.35,,,,,,,,,,,,,,,,,,
N1,14/12/03,Zwolle,Groningen,1,1,D,1,0,H,2.375,3.3,2.5,2.5,3.25,2.45,2.7,3.2,2.2,,,,2.6,3.25,2.3,2.5,3.2,2.35,1.85,1.85,,,,,,,,,,,,,,,,,,
N1,20/12/03,Heerenveen,Roda JC,2,1,H,1,0,H,1.909,3.4,3.25,1.9,3.3,3.5,1.9,3.2,3.4,,,,1.85,3.25,3.6,1.9,3.2,3.35,1.79,1.85,,,,,,,,,,,,,,,,,,
N1,20/12/03,NAC Breda,Roosendaal,3,2,H,3,1,H,2,3.4,3,1.95,3.3,3.3,1.9,3.2,3.4,,,,2,3.2,3.2,2,3.2,3.1,1.79,1.85,,,,,,,,,,,,,,,,,,
N1,20/12/03,Nijmegen,Zwolle,1,0,H,1,0,H,1.5,3.75,5.5,1.45,3.9,5.75,1.5,3.7,5,,,,1.5,3.4,6,1.5,3.45,5.5,1.6,2.1,,,,,,,,,,,,,,,,,,
N1,20/12/03,Vitesse,PSV Eindhoven,0,0,D,0,0,D,6,3.75,1.444,6,3.85,1.45,7,4,1.35,,,,6,3.75,1.44,6,3.75,1.44,2,1.71,,,,,,,,,,,,,,,,,,
N1,21/12/03,Groningen,Willem II,1,2,A,1,0,H,2.2,3.4,2.625,2.15,3.3,2.85,2.2,3.1,2.8,,,,2.1,3.2,3,2.1,3.2,2.85,1.79,1.85,,,,,,,,,,,,,,,,,,
N1,21/12/03,Twente,Ajax,2,0,H,1,0,H,4,3.6,1.667,4.3,3.6,1.65,4.6,3.4,1.6,,,,4.33,3.4,1.66,4.33,3.4,1.66,2,1.71,,,,,,,,,,,,,,,,,,
N1,21/12/03,Utrecht,Volendam,3,0,H,3,0,H,1.364,4,7,1.31,4.5,7.5,1.3,4.2,8,,,,1.4,4,6,1.45,3.55,6,2,1.65,,,,,,,,,,,,,,,,,,
N1,21/12/03,Waalwijk,Feyenoord,0,0,D,0,0,D,3,3.4,2,3.3,3.3,1.95,3.4,3.2,1.9,,,,3.5,3.4,1.85,3.6,3.4,1.8,1.55,2.2,,,,,,,,,,,,,,,,,,
N1,21/01/04,Roda JC,Ajax,1,2,A,1,0,H,4.5,3.5,1.61,5.25,3.4,1.6,3.8,3.1,1.8,,,,4.5,3.5,1.62,4,3.4,1.72,1.71,1.95,,,,,,,,,,,
N1,23/01/04,AZ Alkmaar,Den Haag,0,1,A,0,0,D,1.36,4,7,1.36,4.25,7,1.35,4,7,,,,1.33,4,8,1.35,3.8,7.5,1.55,2.2,,,,,,,,,,,
N1,24/01/04,NAC Breda,Volendam,3,2,H,1,0,H,1.53,3.6,5,1.55,3.5,5.4,1.45,3.8,5.4,,,,1.5,3.6,5.5,1.55,3.4,5,1.5,2.3,,,,,,,,,,,
N1,24/01/04,Roda JC,Waalwijk,2,1,H,2,0,H,1.72,3.4,4,1.71,3.4,4.25,1.75,3.3,3.8,,,,1.7,3.4,4.2,1.75,3.25,3.9,1.6,2.1,,,,,,,,,,,
N1,24/01/04,Vitesse,Heerenveen,0,1,A,0,1,A,2.3,3.4,2.5,2.4,3.35,2.5,2.6,3.1,2.3,,,,2.4,3.25,2.5,2.45,3.2,2.4,1.6,2.1,,,,,,,,,,,
N1,24/01/04,Willem II,Twente,2,3,A,0,2,A,1.83,3.4,3.5,1.85,3.4,3.6,1.85,3.2,3.5,,,,1.83,3.3,3.6,1.75,3.35,3.75,1.55,2.2,,,,,,,,,,,
N1,24/01/04,Zwolle,Roosendaal,0,3,A,0,1,A,2.7,3.25,2.25,2.7,3.25,2.3,2.7,3.2,2.2,,,,2.75,3.2,2.25,2.55,3.15,2.35,1.6,2.1,,,,,,,,,,,
N1,25/01/04,Ajax,Nijmegen,1,0,H,0,0,D,1.2,5.5,9,1.2,5.5,10,1.15,6,12,,,,1.22,5,9,1.22,5,9.5,1.4,2.6,,,,,,,,,,,
N1,25/01/04,Feyenoord,Utrecht,3,2,H,1,2,A,1.44,3.75,6,1.45,3.7,6.5,1.45,3.8,5.4,,,,1.4,3.75,7,1.4,3.75,7,1.5,2.3,,,,,,,,,,,
N1,25/01/04,Groningen,PSV Eindhoven,0,2,A,0,2,A,5,3.8,1.5,5.5,3.8,1.5,5.4,3.8,1.45,,,,5.5,3.6,1.5,5.5,3.6,1.5,1.5,2.3,,,,,,,,,,,
N1,28/01/04,AZ Alkmaar,Willem II,0,0,D,0,0,D,1.8,3.3,3.75,1.75,3.4,4,1.85,3.1,3.6,,,,1.8,3.4,3.6,1.83,3.2,3.75,1.65,2,,,,,,,,,,,
N1,28/01/04,Nijmegen,Feyenoord,1,2,A,1,0,H,3.6,3.4,1.8,3.5,3.3,1.9,3.1,3.2,2,,,,3.2,3.5,1.91,3.5,3.2,1.9,1.65,2,,,,,,,,,,,
N1,28/01/04,PSV Eindhoven,Zwolle,5,1,H,3,1,H,1.1,6.5,17,1.08,7.5,18,1.07,8,16,,,,1.08,7,17,1.1,6.5,17,1.25,3.25,,,,,,,,,,,
N1,28/01/04,Twente,Vitesse,0,0,D,0,0,D,1.57,3.5,5,1.57,3.5,5.2,1.55,3.5,4.8,,,,1.53,3.5,5.25,1.57,3.5,5,1.65,2,,,,,,,,,,,
N1,28/01/04,Utrecht,Roosendaal,0,1,A,0,0,D,1.72,3.4,4,1.75,3.4,4,1.75,3.2,4,,,,1.75,3.3,4,1.61,3.5,4.5,1.65,2,,,,,,,,,,,
N1,28/01/04,Volendam,Waalwijk,0,4,A,0,0,D,2.37,3.3,2.5,2.55,3.3,2.35,2.7,3.2,2.2,,,,2.38,3.25,2.5,2.3,3.2,2.62,1.71,1.95,,,,,,,,,,,
N1,31/01/04,PSV Eindhoven,Vitesse,3,0,H,1,0,H,1.143,5.5,15,1.15,6,12,1.2,5,10,,,,1.14,6,12,1.16,5.5,12,1.35,2.75,,,,,,,,,,,,,
N1,31/01/04,Roda JC,AZ Alkmaar,3,1,H,3,0,H,2.3,3.2,2.625,2.2,3.25,2.8,2,3.2,3.1,,,,2.3,3.25,2.6,2.15,3.3,2.7,1.6,2.1,,,,,,,,,,,,,
N1,31/01/04,Waalwijk,Nijmegen,1,2,A,0,2,A,2,3.2,3.2,2,3.25,3.2,2,3.2,3.1,,,,2.05,3.2,3.1,1.95,3.2,3.2,1.71,1.95,,,,,,,,,,,,,
N1,01/02/04,Ajax,Den Haag,4,0,H,3,0,H,1.1,6.5,15,1.1,6.75,17,1.12,6.5,13,,,,1.1,6.5,15,1.1,6.5,17,1.32,2.9,,,,,,,,,,,,,
N1,01/02/04,Feyenoord,Twente,3,2,H,2,0,H,1.4,3.75,7,1.4,3.9,6.75,1.45,3.8,5.4,,,,1.44,3.75,6,1.36,4,7,1.45,2.45,,,,,,,,,,,,,
N1,01/02/04,Groningen,Volendam,0,1,A,0,0,D,1.571,3.5,5,1.55,3.55,5.2,1.5,3.7,5,,,,1.57,3.5,5,1.55,3.5,4.8,1.6,2.1,,,,,,,,,,,,,
N1,01/02/04,Willem II,NAC Breda,1,1,D,0,0,D,1.727,3.4,4,1.75,3.3,4.1,1.8,3.1,3.8,,,,1.75,3.3,4,1.85,3.2,3.5,1.6,2.1,,,,,,,,,,,,,
N1,01/02/04,Zwolle,Utrecht,1,1,D,1,1,D,3.25,3.4,1.909,3.5,3.25,1.9,3.6,3.3,1.8,,,,3.25,3.4,1.9,3.1,3.3,1.95,1.71,1.95,,,,,,,,,,,,,
N1,06/02/04,Roosendaal,Waalwijk,1,3,A,1,2,A,2,3.2,3.2,1.95,3.25,3.2,2,3.1,3.2,,,,2.1,3.25,3,1.85,3.2,3.5,1.79,1.85,,,,,,,,,,,,,
N1,07/02/04,AZ Alkmaar,Volendam,3,0,H,2,0,H,1.4,3.75,7,1.35,4.1,7.5,1.4,3.9,6,,,,1.33,4,8,1.4,3.6,6.9,1.4,2.6,,,,,,,,,,,,,
N1,07/02/04,Heerenveen,NAC Breda,3,4,A,3,1,H,1.667,3.4,4.333,1.65,3.5,4.5,1.7,3.3,4,,,,1.66,3.4,4.33,1.7,3.35,4,1.71,1.95,,,,,,,,,,,,,
N1,07/02/04,Twente,Zwolle,2,0,H,0,0,D,1.25,4.5,10,1.25,5,9,1.3,4.2,8,,,,1.25,4.75,9,1.3,4.25,7.5,1.4,2.6,,,,,,,,,,,,,
N1,08/02/04,Ajax,PSV Eindhoven,2,1,H,0,1,A,2.25,3,3,2.15,3.15,3,2.3,3,2.7,,,,2.1,3.2,3,2.1,3.2,3,1.6,2.1,,,,,,,,,,,,,
N1,08/02/04,Groningen,Nijmegen,2,0,H,0,0,D,2.2,3.2,2.8,2.25,3.2,2.8,2.3,3,2.7,,,,2.2,3.25,2.75,2.1,3.3,2.8,1.83,1.83,,,,,,,,,,,,,
N1,08/02/04,Vitesse,Feyenoord,0,0,D,0,0,D,4,3.5,1.727,4.2,3.3,1.75,4,3.3,1.7,,,,4.33,3.4,1.66,4,3.4,1.72,1.55,2.2,,,,,,,,,,,,,
N1,08/02/04,Willem II,Den Haag,1,0,H,0,0,D,1.571,3.5,5,1.55,3.5,5.5,1.5,3.8,4.8,,,,1.53,3.6,5.2,1.5,3.75,4.9,1.6,2.1,,,,,,,,,,,,,
N1,11/02/04,Den Haag,Groningen,3,1,H,0,1,A,2.25,3.2,2.75,2.3,3.25,2.65,2.4,3.1,2.5,,,,2.3,3.25,2.6,2.25,3.3,2.62,,,,,,,,,,,,,,,,,
N1,11/02/04,Feyenoord,AZ Alkmaar,0,3,A,0,1,A,1.44,3.75,6,1.47,3.6,6.25,1.55,3.5,4.8,,,,1.44,3.75,6,1.44,3.6,6.5,,,,,,,,,,,,,,,,,
N1,11/02/04,Roosendaal,Roda JC,1,4,A,0,1,A,2.2,3.25,2.75,2.3,3.25,2.65,2.4,3.1,2.5,,,,2.3,3.25,2.6,2.2,3.25,2.75,,,,,,,,,,,,,,,,,
N1,11/02/04,Utrecht,Willem II,2,2,D,1,1,D,1.9,3.4,3.25,1.95,3.3,3.3,2,3.1,3.2,,,,1.91,3.25,3.4,1.9,3.4,3.25,,,,,,,,,,,,,,,,,
N1,11/02/04,Waalwijk,Heerenveen,0,0,D,0,0,D,2.37,3.3,2.5,2.45,3.25,2.5,2.4,3.1,2.5,,,,2.38,3.25,2.5,2.4,3.25,2.5,,,,,,,,,,,,,,,,,
N1,14/02/04,Heerenveen,Willem II,1,1,D,1,0,H,1.833,3.4,3.5,1.85,3.25,3.75,2,3.1,3.2,,,,1.85,3.3,3.6,1.85,3.2,3.5,1.71,1.95,,,,,,,,,,,,,,,
N1,14/02/04,NAC Breda,Roda JC,0,0,D,0,0,D,2.25,3.2,2.75,2.3,3.25,2.7,2.3,3.1,2.6,,,,2.2,3.25,2.75,2.2,3.2,2.7,1.55,2.2,,,,,,,,,,,,,,,
N1,14/02/04,PSV Eindhoven,Twente,1,0,H,0,0,D,1.25,4.5,10,1.25,5,9,1.25,4.5,9,,,,1.22,5,9,1.22,5,9.5,1.45,2.45,,,,,,,,,,,,,,,
N1,14/02/04,Vitesse,Roosendaal,1,2,A,0,1,A,2.4,3.25,2.5,2.3,3.25,2.7,2.3,3,2.7,,,,2.25,3.25,2.7,2.2,3.2,2.7,1.71,1.95,,,,,,,,,,,,,,,
N1,15/02/04,Den Haag,Feyenoord,2,2,D,1,2,A,4.5,3.5,1.615,5.75,3.7,1.5,5,3.7,1.5,,,,5,3.5,1.57,5.5,3.4,1.53,1.6,2.1,,,,,,,,,,,,,,,
N1,15/02/04,Nijmegen,Utrecht,4,0,H,2,0,H,2.25,3.2,2.75,2.25,3.25,2.75,2.3,3.1,2.6,,,,2.25,3.25,2.7,2.1,3.2,2.85,1.65,2,,,,,,,,,,,,,,,
N1,15/02/04,Volendam,Ajax,0,2,A,0,1,A,8,4.5,1.286,9,4.25,1.3,10,5,1.2,,,,8,4.33,1.3,8,3.75,1.36,1.45,2.5,,,,,,,,,,,,,,,
N1,15/02/04,Waalwijk,Zwolle,2,0,H,2,0,H,1.4,3.75,7,1.4,3.85,7,1.35,4,7,,,,1.4,3.75,7,1.4,3.7,6.5,1.6,2.1,,,,,,,,,,,,,,,
N1,20/02/04,Roda JC,Volendam,1,0,H,0,0,D,1.333,4,8,1.35,4.1,7.5,1.33,4,7.5,,,,1.4,3.75,7,1.4,3.7,6.5,1.5,2.3,1.35,2.65,-0.5,,,,,,,,,,,,
N1,21/02/04,AZ Alkmaar,Roosendaal,2,1,H,1,0,H,1.615,3.5,4.5,1.6,3.5,4.85,1.7,3.2,4.2,,,,1.66,3.4,4.33,1.7,3.35,4,1.65,2,1.6,2.03,-0.5,,,,,,,,,,,,
N1,21/02/04,Heerenveen,PSV Eindhoven,3,2,H,1,1,D,3.75,3.3,1.8,3.8,3.3,1.81,3.8,3.3,1.75,,,,4,3.2,1.8,4,3.4,1.72,1.6,2.1,1.77,1.81,0.5,,,,,,,,,,,,
N1,21/02/04,Vitesse,Groningen,1,2,A,0,0,D,2,3.2,3.2,1.9,3.3,3.45,2,3.1,3.2,,,,2,3.25,3.2,2,3.1,3.15,1.79,1.85,1.9,1.69,-0.5,,,,,,,,,,,,
N1,21/02/04,Zwolle,Nijmegen,2,1,H,0,1,A,2.8,3.4,2.1,2.95,3.3,2.1,3.2,3.1,2,,,,3,3.2,2.1,2.85,3.2,2.1,1.75,1.9,1.56,2.1,0.5,,,,,,,,,,,,
N1,22/02/04,Ajax,Twente,1,0,H,1,0,H,1.25,5,8,1.2,5.25,10.5,1.2,5,10,,,,1.25,5,8,1.2,5,11,1.55,2.2,1.2,3.5,-0.5,,,,,,,,,,,,
N1,22/02/04,Utrecht,NAC Breda,1,2,A,1,0,H,2.1,3.2,3,2.1,3.3,2.95,2.1,3.1,3,,,,2.1,3.2,3,2.1,3.2,2.85,1.71,1.95,2.1,1.56,-0.5,,,,,,,,,,,,
N1,25/02/04,Den Haag,Roda JC,1,0,H,1,0,H,2.7,3.25,2.25,2.75,3.25,2.25,3,3.1,2.1,,,,2.7,3.25,2.25,2.55,3.3,2.25,1.6,2.1,1.49,2.25,0.5,,,,,,,,,,,,
N1,25/02/04,Heerenveen,Ajax,4,1,H,1,0,H,4.5,3.5,1.61,4.25,3.45,1.7,4,3.2,1.75,,,,4.33,3.4,1.67,4.05,3.5,1.65,1.6,2.1,1.9,1.7,0.5,,,,,,,,,,,,
N1,25/02/04,NAC Breda,Groningen,1,1,D,1,1,D,1.72,3.4,4,1.65,3.5,4.5,1.7,3.2,4.2,,,,1.7,3.5,4,1.6,3.6,4.3,1.6,2.1,1.65,1.97,-0.5,,,,,,,,,,,,
N1,27/02/04,Zwolle,Vitesse,1,1,D,0,0,D,2.375,3.25,2.5,2.25,3.25,2.75,2.3,3,2.7,,,,2.37,3.25,2.5,2.3,3.2,2.6,1.71,1.95,2.25,1.49,-0.5,,,,,,,,,,,,
N1,28/02/04,Nijmegen,Heerenveen,1,2,A,1,0,H,2.5,3.25,2.4,2.4,3.2,2.6,2.4,3.2,2.4,,,,2.5,3.1,2.5,2.4,3.2,2.45,1.71,1.95,2.4,1.43,-0.5,,,,,,,,,,,,
N1,28/02/04,Roosendaal,NAC Breda,1,1,D,1,0,H,2.25,3.4,2.6,2.3,3.2,2.7,2.4,3,2.6,,,,2.25,3.2,2.7,2.25,3.2,2.65,1.75,1.9,2.3,1.46,-0.5,,,,,,,,,,,,
N1,28/02/04,Twente,AZ Alkmaar,4,1,H,3,1,H,2.25,3.25,2.75,2,3.2,3.25,2,3.1,3.2,,,,2.2,3.2,2.8,2.25,3.2,2.65,1.65,2,2,1.61,-0.5,,,,,,,,,,,,
N1,29/02/04,Groningen,Waalwijk,1,2,A,0,0,D,2.1,3.4,2.875,2.2,3.2,2.85,2.2,3.1,2.8,,,,2.1,3.25,2.9,2.1,3.2,2.9,1.71,1.95,2.2,1.51,-0.5,,,,,,,,,,,,
N1,29/02/04,PSV Eindhoven,Roda JC,1,2,A,1,2,A,1.333,4.333,7,1.3,4.5,8,1.3,4.2,8,,,,1.3,4.33,8,1.36,4,7,1.55,2.2,1.3,2.88,-0.5,,,,,,,,,,,,
N1,29/02/04,Utrecht,Ajax,1,0,H,0,0,D,4.5,3.5,1.615,4.6,3.55,1.6,4.4,3.3,1.65,,,,4.75,3.4,1.61,4.5,3.5,1.61,1.55,2.2,2,1.6,0.5,,,,,,,,,,,,
N1,29/02/04,Volendam,Den Haag,0,2,A,0,0,D,2.375,3.2,2.625,2.2,3.2,2.85,2.3,3.1,2.6,,,,2.2,3.2,2.8,2.2,3.2,2.7,1.71,1.95,2.2,1.51,-0.5,,,,,,,,,,,,
N1,29/02/04,Willem II,Feyenoord,0,3,A,0,0,D,2.625,3.2,2.375,2.55,3.2,2.42,2.5,3,2.5,,,,2.6,3.1,2.37,2.5,3.25,2.4,1.6,2.1,,,,,,,,,,,,,,,
N1,05/03/04,NAC Breda,Twente,0,1,A,0,1,A,2.1,3.25,3,2.1,3.2,3.1,1.9,3.2,3.4,2,3.2,3.2,2,3.2,3.2,2,3.2,3.1,1.65,2,2.1,1.57,-0.5,,,,,,
N1,06/03/04,Den Haag,AZ Alkmaar,2,3,A,1,1,D,2.875,3.25,2.1,2.8,3.3,2.2,2.6,3.1,2.3,2.8,3.2,2.2,2.8,3.2,2.2,2.5,3.2,2.35,1.65,2,1.51,2.2,0.5,,,,,,
N1,06/03/04,Nijmegen,Roosendaal,1,2,A,1,0,H,2.1,3.25,3,2,3.3,3.2,2.1,3.1,3,2.1,3.2,3,2.1,3.2,3,2.15,3.2,2.8,1.7,1.95,2,1.62,-0.5,,,,,,
N1,06/03/04,Roda JC,Zwolle,1,1,D,0,0,D,1.25,5,8.5,1.28,4.6,8.5,1.3,4.2,8,1.3,4.33,8,1.3,4.33,8,1.3,4.25,7.5,1.6,2.1,,,,,,,,,
N1,06/03/04,Waalwijk,Ajax,0,1,A,0,1,A,4.5,3.25,1.667,4.3,3.5,1.67,4.2,3.2,1.7,4.33,3.4,1.67,4.33,3.4,1.66,4,3.4,1.72,1.6,2.1,1.93,1.67,0.5,,,,,,
N1,06/03/04,Willem II,Groningen,2,0,H,0,0,D,1.667,3.4,4.333,1.65,3.5,4.5,1.65,3.3,4.4,1.67,3.4,4.33,1.66,3.4,4.33,1.65,3.4,4.2,1.65,2,1.65,1.97,-0.5,,,,,,
N1,07/03/04,Feyenoord,Heerenveen,2,2,D,0,1,A,1.615,3.5,4.5,1.57,3.45,5.3,1.65,3.3,4.4,1.57,3.5,5,1.57,3.5,5,1.57,3.5,5,1.6,2.1,1.57,2.08,-0.5,,,,,,
N1,07/03/04,Utrecht,PSV Eindhoven,0,4,A,0,2,A,4,3.5,1.727,4,3.4,1.75,4,3.2,1.75,4,3.3,1.75,4,3.3,1.75,4,3.4,1.72,1.6,2.1,1.84,1.75,0.5,,,,,,
N1,07/03/04,Volendam,Vitesse,0,0,D,0,0,D,2.4,3.25,2.5,2.4,3.35,2.5,2.3,3,2.7,2.3,3.2,2.62,2.3,3.2,2.62,2.2,3.25,2.65,1.65,2,,,,,,,,,
N1,12/03/04,Twente,Nijmegen,2,5,A,1,1,D,1.615,3.5,4.5,1.6,3.55,4.75,1.65,3.3,4.4,1.53,3.5,5.5,1.57,3.5,5,1.6,3.3,4.75,1.55,2.2,1.6,2.03,-0.5,,,,,,
N1,13/03/04,Heerenveen,Volendam,2,1,H,1,0,H,1.222,5,9.5,1.25,4.9,9,1.22,4.7,9.5,1.29,4.5,8,1.29,4.5,8,1.25,4.2,10,1.55,2.2,,,,,,,,,
N1,13/03/04,NAC Breda,Zwolle,3,1,H,2,1,H,1.4,3.75,7,1.4,4,6.6,1.4,3.9,6,1.4,3.75,7,1.4,3.75,7,1.45,3.55,6,1.6,2.1,1.4,2.49,-0.5,,,,,,
N1,13/03/04,Roosendaal,Groningen,1,0,H,1,0,H,1.8,3.3,3.75,1.81,3.3,3.9,2,3,3.3,1.8,3.25,3.8,1.8,3.25,3.8,1.85,3.2,3.5,1.75,1.9,1.81,1.79,-0.5,,,,,,
N1,14/03/04,Ajax,Roda JC,4,2,H,3,1,H,1.286,4.5,8,1.3,4.5,8,1.3,4.2,8,1.25,4.5,10,1.25,4.5,10,1.28,4.5,8,1.55,2.2,1.3,2.88,-0.5,,,,,,
N1,14/03/04,AZ Alkmaar,Utrecht,1,2,A,0,0,D,1.615,3.5,4.5,1.6,3.5,4.9,1.6,3.4,4.6,1.62,3.5,4.5,1.62,3.5,4.5,1.6,3.4,4.6,1.55,2.2,1.6,2.04,-0.5,,,,,,
N1,14/03/04,PSV Eindhoven,Feyenoord,0,1,A,0,1,A,1.667,3.3,4.5,1.7,3.35,4.4,1.75,3.2,4,1.67,3.3,4.5,1.67,3.3,4.5,1.72,3.25,4.2,1.6,2.1,1.7,1.9,-0.5,,,,,,
N1,14/03/04,Vitesse,Den Haag,1,0,H,0,0,D,2.2,3.2,2.8,2.15,3.2,3,2.3,3,2.7,2.1,3.2,3,2.1,3.2,3,2.3,3.2,2.55,1.71,1.95,2.15,1.55,-0.5,,,,,,
N1,14/03/04,Waalwijk,Willem II,1,1,D,0,0,D,2.1,3.2,3,2.05,3.25,3.15,2.2,3,2.9,2.1,3.2,3,2.1,3.2,3,2.05,3.15,3,1.75,1.9,2.05,1.6,-0.5,,,,,,
N1,19/03/04,Groningen,Heerenveen,0,0,D,0,0,D,2.75,3.25,2.2,3,3.25,2.1,2.9,3,2.2,2.8,3.2,2.2,2.8,3.2,2.2,2.6,3.2,2.35,1.71,1.95,1.56,2.1,0.5,,,,,,
N1,20/03/04,Nijmegen,AZ Alkmaar,0,2,A,0,1,A,2.75,3.25,2.2,2.65,3.3,2.3,2.4,3.2,2.4,2.63,3.2,2.3,2.62,3.2,2.3,2.6,3.1,2.4,1.6,2.1,1.47,2.3,0.5,,,,,,
N1,20/03/04,PSV Eindhoven,NAC Breda,1,1,D,1,0,H,1.3,4.5,7.5,1.3,4.4,8.5,1.3,4.2,8,1.3,4.33,8,1.3,4.33,8,1.33,4,8,1.55,2.2,1.3,2.9,-0.5,,,,,,
N1,20/03/04,Roda JC,Willem II,6,1,H,3,0,H,1.909,3.25,3.4,1.91,3.25,3.5,1.9,3.1,3.5,1.91,3.2,3.5,1.9,3.2,3.5,2,3.1,3.3,1.71,1.95,1.91,1.69,-0.5,,,,,,
N1,20/03/04,Zwolle,Volendam,3,0,H,2,0,H,2.1,3.4,2.8,2.05,3.25,3.1,2,3.2,3.1,2.1,3.2,3,2.1,3.2,3,2,3.1,3.3,1.75,1.9,2.05,1.59,-0.5,,,,,,
N1,21/03/04,Ajax,Vitesse,5,0,H,3,0,H,1.167,5.5,12,1.16,5.75,12,1.2,5,10,1.17,6,10,1.16,6,10,1.14,6,12,1.55,2.2,1.16,3.89,-0.5,,,,,,
N1,21/03/04,Feyenoord,Waalwijk,1,0,H,1,0,H,1.364,4,7,1.35,4.25,7.25,1.3,4.2,8,1.33,4.2,7.5,1.33,4.2,7.5,1.33,4.2,7.5,1.55,2.2,1.35,2.68,-0.5,,,,,,
N1,21/03/04,Roosendaal,Den Haag,0,0,D,0,0,D,1.727,3.4,4,1.75,3.4,4,1.8,3.3,3.6,1.75,3.3,4,1.75,3.3,4,1.75,3.3,4,1.83,1.83,1.75,1.84,-0.5,,,,,,
N1,21/03/04,Utrecht,Twente,2,0,H,1,0,H,2.2,3.25,2.75,2.2,3.2,2.9,2.1,3.1,3,2.1,3.2,3,2.1,3.2,3,2.1,3.25,2.95,1.71,1.95,2.2,1.52,-0.5,,,,,,
N1,26/03/04,Den Haag,Zwolle,1,1,D,1,1,D,1.667,3.4,4.333,1.73,3.4,4.1,1.8,3.1,3.8,1.7,3.3,4.33,1.7,3.3,4.33,1.8,3.2,3.9,1.71,1.95,1.73,1.86,-0.5,,,,,,
N1,27/03/04,Heerenveen,Roosendaal,1,0,H,1,0,H,1.615,3.5,4.5,1.6,3.6,4.75,1.6,3.4,4.6,1.62,3.5,4.5,1.61,3.5,4.5,1.7,3.3,4.3,1.71,1.95,1.6,2.05,-0.5,,,,,,
N1,27/03/04,NAC Breda,Nijmegen,5,2,H,5,0,H,1.833,3.25,3.75,1.8,3.3,3.9,1.85,3.1,3.6,1.8,3.3,3.75,1.8,3.3,3.75,1.85,3.25,3.6,1.71,1.95,1.8,1.79,-0.5,,,,,,
N1,27/03/04,Vitesse,Waalwijk,3,3,D,1,0,H,2.5,3,2.625,2.35,3.2,2.65,2.2,3,2.9,2.3,3.1,2.7,2.3,3.1,2.7,2.3,3.2,2.65,1.65,2,2.35,1.45,-0.5,,,,,,
N1,28/03/04,AZ Alkmaar,Ajax,1,1,D,0,0,D,3.5,3.5,1.833,3.35,3.4,1.91,3.2,3.1,2,3.4,3.25,1.91,3.4,3.25,1.9,3.4,3.25,1.9,1.65,2,1.69,1.91,0.5,,,,,,
N1,28/03/04,Feyenoord,Roda JC,3,0,H,1,0,H,1.5,3.75,5.5,1.51,3.7,5.5,1.5,3.7,5,1.5,3.6,5.5,1.5,3.6,5.5,1.44,3.6,6.5,1.45,2.45,1.51,2.21,-0.5,,,,,,,
N1,28/03/04,Groningen,Twente,1,0,H,1,0,H,2.375,3.2,2.625,2.35,3.2,2.65,2.3,3,2.7,2.38,3.1,2.6,2.37,3.1,2.6,2.3,3.2,2.65,1.79,1.85,2.35,1.45,-0.5,,,,,,,
N1,28/03/04,Volendam,Utrecht,1,2,A,0,0,D,2.4,3.2,2.25,2.8,3.3,2.2,2.6,3.1,2.3,2.75,3.2,2.25,2.75,3.2,2.25,2.65,3.2,2.3,1.65,2,1.51,2.2,0.5,,,,,,,
N1,28/03/04,Willem II,PSV Eindhoven,3,1,H,0,0,D,3.5,3.25,1.909,3.45,3.3,1.91,3.6,3.3,1.8,3.4,3.25,1.91,3.4,3.25,1.9,3.5,3.4,1.83,1.71,1.95,1.69,1.91,0.5,,,,,,,
N1,02/04/04,Nijmegen,Willem II,4,0,H,2,0,H,2.4,3.4,2.4,2.25,3.25,2.75,2.4,3.2,2.4,2.25,3.25,2.7,2.25,3.25,2.7,2.25,3.25,2.65,1.65,2,2.25,1.49,-0.5,,,,,,,
N1,03/04/04,AZ Alkmaar,Vitesse,2,1,H,0,0,D,1.5,3.6,5.5,1.45,3.75,6.45,1.45,3.8,5.4,1.44,3.75,6,1.44,3.75,6,1.45,3.5,6.5,1.65,2,1.45,2.37,-0.5,,,,,,,
N1,03/04/04,Roda JC,Heerenveen,0,1,A,0,0,D,2.25,3.2,2.75,2.2,3.2,2.9,2.2,3.1,2.8,2.25,3.2,2.75,2.25,3.2,2.75,2.15,3.3,2.8,1.71,1.95,2.2,1.52,-0.5,,,,,,,
N1,03/04/04,Roosendaal,Zwolle,1,1,D,1,1,D,1.571,3.25,5.5,1.6,3.4,5.1,1.8,3.3,3.6,1.62,3.4,4.75,1.61,3.4,4.75,1.65,3.4,4.4,1.85,1.79,1.6,2.04,-0.5,,,,,,,
N1,03/04/04,Twente,Volendam,1,2,A,0,0,D,1.4,3.75,7,1.4,4,6.8,1.45,3.8,5.4,1.4,3.75,7,1.4,3.75,7,1.35,4,7.5,1.6,2.1,1.4,2.52,-0.5,,,,,,,
N1,03/04/04,Waalwijk,PSV Eindhoven,0,4,A,0,1,A,3.75,3.4,1.8,4,3.25,1.8,4,3.3,1.7,3.75,3.3,1.8,3.75,3.3,1.8,3.5,3.4,1.83,1.65,2,1.79,1.8,0.5,,,,,,,
N1,04/04/04,Ajax,Groningen,2,1,H,0,0,D,1.143,6,13,1.15,6,13,1.15,6,12,1.17,5.5,12,1.14,5.75,13,1.16,5.5,12,1.45,2.45,,,,,,,,,,
N1,04/04/04,NAC Breda,Feyenoord,0,3,A,0,0,D,3.2,3.2,2,3.3,3.2,2,2.8,3.1,2.2,3.2,3.2,2,3.2,3.2,2,2.87,3.3,2.1,1.65,2,1.62,2,0.5,,,,,,,
N1,04/04/04,Utrecht,Den Haag,5,3,H,3,3,D,1.667,3.4,4.333,1.7,3.4,4.3,1.65,3.3,4.4,1.67,3.4,4.33,1.66,3.4,4.33,1.65,3.4,4.5,1.75,1.9,1.7,1.9,-0.5,,,,,,,
N1,09/04/04,Roda JC,Nijmegen,4,0,H,1,0,H,1.727,3.4,4,1.7,3.4,4.4,1.7,3.2,4.2,1.67,3.4,4.33,1.66,3.4,4.33,1.72,3.5,3.8,1.55,2.2,1.7,1.92,-0.5,,,,,,,
N1,10/04/04,Den Haag,Waalwijk,1,3,A,0,1,A,2.1,3.2,3,2.15,3.2,3,1.9,3.2,3.4,2,3.2,3.2,2,3.2,3.2,2.1,3.1,3.1,1.71,1.95,2.15,1.55,-0.5,,,,,,,
N1,10/04/04,Heerenveen,Utrecht,4,0,H,3,0,H,1.615,3.5,4.5,1.62,3.4,4.85,1.6,3.4,4.6,1.67,3.4,4.33,1.66,3.4,4.33,1.7,3.4,4.2,1.65,2,1.62,2,-0.5,,,,,,,
N1,10/04/04,Volendam,Willem II,0,1,A,0,0,D,2.6,3.4,2.25,2.75,3.25,2.25,2.2,3.2,2.7,2.6,3.25,2.3,2.6,3.25,2.3,2.55,3.1,2.45,1.71,1.95,1.49,2.25,0.5,,,,,,
N1,10/04/04,Zwolle,AZ Alkmaar,2,0,H,1,0,H,3.2,3.5,1.909,3.5,3.3,1.9,3.4,3.2,1.9,3.4,3.25,1.91,3.4,3.25,1.9,3.6,3.3,1.85,1.6,2.1,1.7,1.9,0.5,,,,,,
N1,11/04/04,Feyenoord,Ajax,1,1,D,0,0,D,2.4,3.1,2.6,2.5,3.1,2.55,2.3,3,2.7,2.38,3.1,2.62,2.37,3.1,2.62,2.37,3.1,2.62,1.71,1.95,2.5,1.4,-0.5,,,,,,
N1,11/04/04,PSV Eindhoven,Groningen,5,0,H,2,0,H,1.167,5.5,11,1.15,5.75,14,1.15,6,12,,,,1.16,5.5,11,1.2,5,11,,,,,,,,,,,
N1,11/04/04,Roosendaal,Twente,1,2,A,1,0,H,2,3.2,3.2,2,3.2,3.3,2.1,3,3.1,1.91,3.25,3.4,1.9,3.25,3.4,2,3.2,3.2,1.83,1.83,2,1.62,-0.5,,,,,,
N1,11/04/04,Vitesse,NAC Breda,2,2,D,0,2,A,2.25,3.25,2.7,2.25,3.25,2.75,2,3.2,3.1,2.25,3.25,2.7,2.25,3.25,2.7,2.4,3.25,2.5,,,2.25,1.49,-0.5,,,,,,
N1,16/04/04,Willem II,Vitesse,1,1,D,0,0,D,1.727,3.4,4,1.7,3.4,4.3,1.8,3.3,3.6,1.8,3.4,3.75,1.8,3.25,4,1.72,3.4,4,1.65,2,,,,,,,,,
N1,17/04/04,Den Haag,Twente,1,0,H,1,0,H,2.2,3.4,2.875,2.2,3.3,2.8,2,3.2,3.1,2.3,3.1,2.7,2.3,3.1,2.7,2.25,3.2,2.75,1.83,1.83,2.2,1.51,-0.5,,,,,,
N1,17/04/04,PSV Eindhoven,Nijmegen,3,0,H,1,0,H,1.2,5,11,1.18,5.5,12,1.15,6,12,1.2,5,11,1.2,5,11,1.22,5,9.5,1.45,2.45,,,,,,,,,
N1,17/04/04,Waalwijk,Roda JC,1,1,D,1,0,H,2.375,3.4,2.5,2.45,3.2,2.55,2.3,3.1,2.6,2.4,3.2,2.5,2.4,3.2,2.5,2.45,3.3,2.4,1.65,2,,,,,,,,,
N1,17/04/04,Zwolle,Heerenveen,1,0,H,1,0,H,3.2,3.2,2,3.35,3.3,1.95,3.4,3.2,1.9,3.2,3.2,2,3.2,3.2,2,2.9,3.3,2.1,1.75,1.9,1.66,1.95,0.5,,,,,,
N1,18/04/04,Ajax,Roosendaal,1,1,D,1,1,D,1.143,6,13,1.16,6,12,1.2,5,10,1.17,5.5,12,1.16,5.5,12,1.12,6.5,12,,,,,,,,,,,
N1,18/04/04,Groningen,AZ Alkmaar,1,1,D,0,0,D,2.75,3.25,2.2,2.65,3.3,2.3,3,3.1,2.1,2.62,3.2,2.3,2.62,3.2,2.3,2.65,3.3,2.25,1.71,2,,,,,,,,,
N1,18/04/04,Utrecht,Feyenoord,0,3,A,0,0,D,3.5,3.5,1.833,3.7,3.3,1.85,3.4,3.2,1.9,3.4,3.25,1.91,3.4,3.25,1.9,3.5,3.4,1.83,1.65,2,1.74,1.85,0.5,,,,,,
N1,18/04/04,Volendam,NAC Breda,4,2,H,2,2,D,2.6,3.4,2.25,2.45,3.25,2.5,2.3,3.1,2.6,2.5,3.1,2.5,2.5,3.1,2.5,2.5,3.25,2.4,1.71,1.95,,,,,,,,,
N1,23/04/04,Roda JC,Utrecht,1,1,D,1,0,H,1.72,3.4,4,1.8,3.3,3.9,1.75,3.3,3.8,1.8,3.25,3.8,1.73,3.25,4.2,1.7,3.5,4,1.71,2,1.7,1.86,-0.5,,,,,,
N1,24/04/04,AZ Alkmaar,Waalwijk,7,0,H,2,0,H,1.61,3.5,4.5,1.6,3.5,4.9,1.55,3.5,4.8,1.57,3.6,4.75,1.57,3.6,4.75,1.6,3.4,4.9,1.65,2.05,1.6,2.04,-0.5,,,,,,
N1,24/04/04,Heerenveen,Vitesse,0,0,D,0,0,D,1.61,3.5,4.5,1.6,3.5,4.9,,,,1.57,3.6,4.75,1.57,3.6,4.75,1.6,3.4,4.9,,,1.6,2.04,-0.5,,,,,,
N1,24/04/04,Roosendaal,PSV Eindhoven,0,3,A,0,2,A,5,3.75,1.53,5.35,3.8,1.5,5.4,3.8,1.45,5,3.6,1.53,5.2,3.6,1.53,5.5,3.6,1.5,1.71,2,2.22,1.5,0.5,,,,,,
N1,24/04/04,Twente,Willem II,2,0,H,0,0,D,2,3.4,3,2,3.25,3.25,2.1,3,3.1,2.1,3.2,3,2.1,3.2,3,2,3.2,3.2,1.71,2,2,1.63,-0.5,,,,,,
N1,25/04/04,Feyenoord,Volendam,2,0,H,1,0,H,1.11,6.5,15,1.15,6.1,12,1.15,6,12,1.14,6,12,1.14,6,12,1.16,6,10,1.85,1.85,,,,,,,,,
N1,25/04/04,Groningen,Zwolle,2,2,D,2,0,H,2,3.2,3.2,2,3.25,3.25,1.9,3.1,3.5,2,3.2,3.2,2,3.2,3.2,2.05,3.2,3.1,1.79,1.9,2,1.63,-0.5,,,,,,
N1,25/04/04,NAC Breda,Den Haag,1,0,H,1,0,H,2,3.2,3.2,1.95,3.2,3.45,2.1,3.1,3,2,3.2,3.2,2,3.2,3.2,1.9,3.3,3.4,1.7,2,1.95,1.66,-0.5,,,,,,
N1,25/04/04,Nijmegen,Ajax,0,0,D,0,0,D,4.5,3.5,1.61,4.5,3.5,1.65,4.8,3.5,1.55,4.5,3.5,1.62,4.5,3.5,1.62,4.33,3.4,1.66,1.6,2.15,1.97,1.65,0.5,,,,,,
N1,01/05/04,AZ Alkmaar,NAC Breda,2,2,D,2,0,H,1.61,3.5,4.5,1.55,3.5,5,1.65,3.3,4.4,1.57,3.5,5,1.55,3.5,5.1,1.57,3.5,5,,,1.55,2.06,-0.5,,,,,,
N1,01/05/04,Den Haag,Heerenveen,1,0,H,0,0,D,2.4,3.25,2.5,2.3,3.2,2.7,2.2,3.1,2.8,2.3,3.2,2.62,2.35,3.1,2.65,2.3,3.2,2.62,,,2.3,1.46,-0.5,,,,,,
N1,01/05/04,Twente,Roda JC,1,2,A,1,1,D,2.1,3.2,3,2.1,3.2,3,2,3.2,3.1,2.1,3.2,3,2,3.15,3.25,2.1,3.2,3,,,2.1,1.55,-0.5,,,,,,
N1,01/05/04,Willem II,Roosendaal,3,0,H,1,0,H,1.8,3.3,3.75,1.8,3.4,3.7,1.85,3.2,3.5,1.8,3.4,3.6,1.85,3.4,3.5,1.8,3.4,3.6,,,1.8,1.77,-0.5,,,,,,
N1,02/05/04,Feyenoord,Groningen,1,2,A,0,0,D,1.2,5,11,1.18,5.5,11,1.12,6.5,13,1.17,5.5,11,1.14,6,12,1.17,5.5,11,,,1.18,3.67,-0.5,,,,,,
N1,02/05/04,Vitesse,Nijmegen,2,2,D,0,0,D,2,3.2,3.2,1.85,3.3,3.65,1.85,3.1,3.6,1.91,3.25,3.4,1.95,3.2,3.35,1.91,3.25,3.4,,,1.85,1.73,-0.5,,,,,,
N1,02/05/04,Volendam,PSV Eindhoven,0,5,A,0,1,A,6.5,4,1.4,6.5,4,1.36,8,4.2,1.3,5.5,4.33,1.4,7,4,1.36,5.5,4.33,1.4,,,2.48,1.36,0.5,,,,,,
N1,02/05/04,Waalwijk,Utrecht,1,0,H,0,0,D,2.3,3.1,2.7,2.1,3.2,3,2.4,3,2.6,2.2,3.2,2.8,2.1,3.3,2.9,2.2,3.2,2.8,,,2.1,1.55,-0.5,,,,,,
N1,02/05/04,Zwolle,Ajax,0,5,A,0,1,A,5,3.6,1.53,5,3.7,1.52,4.4,3.3,1.65,5,3.5,1.57,5,3.3,1.61,5,3.5,1.57,,,2.13,1.52,0.5,,,,,,,
N1,09/05/04,Ajax,NAC Breda,2,0,H,2,0,H,1.22,4.5,11,1.2,4.8,12,1.33,3.5,10,1.22,5,9,1.22,5,9,1.22,5,9.5,,,1.2,3.43,-0.5,,,,,,,
N1,09/05/04,Heerenveen,AZ Alkmaar,1,0,H,0,0,D,2,3.2,3.2,1.85,3,3.8,1.8,3.1,3.8,1.91,3.1,3.5,1.95,3.1,3.5,1.9,3,3.75,1.75,1.9,1.85,1.68,-0.5,,,,,,,
N1,09/05/04,Nijmegen,Volendam,1,1,D,0,1,A,2.1,3.2,3,2,3.3,3.1,,,,2.2,3.4,2.62,2.2,3.4,2.62,2.15,3.4,2.75,1.75,1.9,2.05,1.57,-0.5,,,,,,,
N1,09/05/04,PSV Eindhoven,Den Haag,3,2,H,1,0,H,1.22,4.5,11,1.25,4.5,8,1.27,4,9,1.29,4,10,1.29,4,10,1.28,4.33,8.5,,,,,,,,,,,,
N1,09/05/04,Roda JC,Vitesse,2,0,H,2,0,H,1.8,3.25,4,1.85,2.9,4,,,,1.83,3.4,3.4,1.83,3.4,3.4,1.7,3.45,4,1.79,1.85,1.85,1.68,-0.5,,,,,,,
N1,09/05/04,Roosendaal,Feyenoord,1,4,A,1,2,A,4,3.4,1.72,4.25,3.3,1.7,3.2,3.1,2,4,3.4,1.73,4,3.25,1.75,4.2,3.25,1.72,,,1.86,1.7,0.5,,,,,,,
N1,09/05/04,Utrecht,Groningen,2,0,H,1,0,H,1.72,3.4,4,1.7,3.2,4.4,1.8,3.1,3.8,1.73,3.4,4,1.73,3.4,4,1.7,3.4,4.2,,,1.7,1.85,-0.5,,,,,,,
N1,09/05/04,Waalwijk,Twente,3,3,D,1,1,D,2,3.2,3.2,2,3.3,3.1,2,3.1,3.2,2.1,3.2,3,2.1,3.2,3,2,3.2,3.2,1.85,1.79,2,1.6,-0.5,,,,,,,
N1,09/05/04,Zwolle,Willem II,0,0,D,0,0,D,,,,1.9,3.3,3.35,,,,1.83,3.5,3.4,1.85,3.5,3.4,1.8,3.6,3.4,1.83,1.83,1.9,1.66,-0.5,,,,,,,
N1,16/05/04,AZ Alkmaar,PSV Eindhoven,2,4,A,1,1,D,3.2,3.2,2,2.85,3.2,2.15,2.9,3,2.2,2.8,3.2,2.2,2.8,3.2,2.2,3,3.2,2.1,,,1.51,2.15,0.5,,,,,,,
N1,16/05/04,Den Haag,Nijmegen,4,1,H,2,1,H,2.1,3.2,3,2.1,3.2,2.93,2.1,3,3.1,2.1,3.2,3,2.1,3.2,3,2.05,3.3,3,,,2.1,1.53,-0.5,,,,,,,
N1,16/05/04,Feyenoord,Zwolle,7,1,H,4,0,H,1.5,3.6,5.5,1.45,3.25,7,,,,1.5,3.2,7,1.5,3.2,7,1.5,3.2,7,,,,,,,,,,,,
N1,16/05/04,Groningen,Roda JC,2,2,D,0,1,A,2.5,3.25,2.37,2.5,3.05,2.5,2.7,3,2.3,2.4,3.2,2.5,2.4,3.2,2.5,2.45,3.25,2.45,,,2.5,1.37,-0.5,,,,,,,
N1,16/05/04,NAC Breda,Waalwijk,5,3,H,2,2,D,1.83,3.2,3.75,1.85,3.25,3.55,1.85,3.1,3.6,1.91,3.2,3.5,1.91,3.2,3.5,1.9,3.2,3.5,,,1.85,1.7,-0.5,,,,,,,
N1,16/05/04,Twente,Heerenveen,2,0,H,2,0,H,2.37,3.25,2.5,2.25,3.2,2.7,2.3,3,2.7,2.25,3.2,2.7,2.25,3.2,2.7,2.2,3.2,2.8,,,2.25,1.46,-0.5,,,,,,,
N1,16/05/04,Vitesse,Utrecht,3,0,H,2,0,H,1.66,3.3,4.5,1.45,4,5,,,,1.57,3.75,4.5,1.57,3.75,4.5,1.6,3.6,4.5,,,,,,,,,,,,
N1,16/05/04,Volendam,Roosendaal,2,1,H,1,0,H,1.66,3.6,4,1.53,3.75,4.5,,,,1.57,3.75,4.5,1.57,3.75,4.5,1.6,3.6,4.5,,,,,,,,,,,,
N1,16/05/04,Willem II,Ajax,2,5,A,1,1,D,3.4,3.25,1.9,3.45,3.2,1.9,3.4,2.9,2,3.2,3.2,2,3.2,3.2,2,3.5,3.2,1.9,,,1.66,1.9,0.5,,,,,,,
