Div,Date,HomeTeam,AwayTeam,FTHG,FTAG,FTR,HTHG,HTAG,HTR,Attendance,Referee,HS,AS,HST,AST,HHW,AHW,HC,AC,HF,AF,HO,AO,HY,AY,HR,AR,HBP,ABP,GBH,GBD,GBA,IWH,IWD,IWA,LBH,LBD,LBA,SBH,SBD,SBA,SYH,SYD,SYA,WHH,WHD,WHA
E2,11/08/01,Blackpool,Reading,0,2,A,0,1,A,5613,G. Laws ,8,11,2,6,0,0,4,6,16,23,3,10,0,4,0,0,0,40,,,,2.7,2.9,2.2,2.75,3.25,2.25,,,,2.75,3.25,2.25,,,
E2,11/08/01,Cambridge,Brighton,0,0,D,0,0,D,4509,C. J. Foy ,4,8,1,1,0,1,6,3,15,18,1,4,4,3,0,1,40,55,,,,2.4,2.9,2.4,2.5,3.2,2.5,,,,2.5,3.2,2.5,2.5,3.2,2.5
E2,11/08/01,Cardiff,Wycombe,1,0,H,1,0,H,17403,P. Dowd ,17,12,11,4,0,0,5,9,7,15,1,0,1,2,0,0,10,20,,,,1.7,3.1,3.8,1.8,3.25,4,,,,1.73,3.5,4,1.72,3.5,4
E2,11/08/01,Chesterfield,Colchester,3,6,A,1,3,A,3939,G. Cain ,11,12,9,9,0,0,5,7,14,9,3,3,0,1,0,0,0,10,,,,1.9,3.1,3,2.1,3.25,3,,,,2,3.5,3,1.9,3.5,3.25
E2,11/08/01,Huddersfield,Bournemouth,1,0,H,0,0,D,10137,A. R. Hall ,5,11,3,5,0,0,1,8,10,18,3,5,2,4,0,0,20,40,,,,1.6,3.2,4.2,1.73,3.25,4.33,,,,1.67,3.5,4.33,1.61,3.6,4.5
E2,11/08/01,Northampton,Bristol City,0,3,A,0,3,A,5528,P. E. Alcock ,10,14,5,5,0,3,6,10,11,10,3,2,1,1,1,0,35,10,,,,2.5,2.9,2.3,2.62,3.2,2.37,,,,2.6,3.25,2.38,2.62,3.2,2.37
E2,11/08/01,Port Vale,Notts County,4,2,H,1,1,D,6076,R. J. Beeby ,17,11,8,5,1,1,2,4,11,11,1,1,1,2,0,0,10,20,,,,2.1,2.9,2.9,2.1,3.25,3,,,,2,3.5,3,2.1,3.25,3
E2,11/08/01,QPR,Stoke,1,0,H,1,0,H,14357,E. K. Wolstenholme ,9,4,7,2,0,0,2,5,15,15,5,0,1,4,0,0,10,40,,,,2,3,2.9,2.1,3.25,3,,,,2.25,3.4,2.62,,,
E2,11/08/01,Swindon,Peterboro,0,0,D,0,0,D,7934,P. Walton ,6,8,4,5,0,0,7,5,17,18,2,5,3,1,1,0,55,10,,,,1.85,3,3.3,2.2,3.25,2.87,,,,2.1,3.25,3,1.83,3.4,3.6
E2,11/08/01,Tranmere,Bury,1,2,A,0,1,A,9114,G. B. Frankland ,16,16,7,10,2,1,3,5,18,10,3,6,3,4,1,0,55,40,,,,1.6,3.2,4.2,1.57,3.6,5,,,,1.62,3.6,4.5,1.61,3.6,4.5
E2,11/08/01,Wigan,Brentford,1,1,D,0,1,A,5952,P. J. Joslin ,14,5,9,5,0,0,4,4,17,16,0,4,4,1,0,0,40,10,,,,1.55,3.3,4.5,1.67,3.4,4.5,,,,1.62,3.6,4.5,1.57,3.6,5
E2,11/08/01,Wrexham,Oldham,3,3,D,0,1,A,4881,B. Curson ,10,6,6,5,0,0,5,5,10,16,4,1,0,3,0,0,0,30,,,,1.7,3.1,3.8,1.83,3.25,3.75,,,,1.8,3.4,3.75,1.72,3.5,4
E2,18/08/01,Bournemouth,Blackpool,0,1,A,0,1,A,3709,P. Armstrong,13,5,7,2,0,0,3,4,13,9,4,2,0,0,0,0,0,0,,,,1.7,3.1,3.8,1.73,3.25,4.33,,,,1.8,3.4,3.75,1.72,3.25,4.33
E2,18/08/01,Brentford,Port Vale,2,0,H,0,0,D,4561,P. E. Alcock,8,4,3,2,1,0,4,8,12,15,1,2,2,2,0,0,20,20,,,,2.3,2.9,2.5,2.2,3.4,2.75,,,,2.38,3.25,2.6,2.37,3.2,2.62
E2,18/08/01,Brighton,Wigan,2,1,H,1,1,D,6518,M. A. Cooper,13,6,6,2,1,0,7,4,14,18,3,2,1,5,0,0,10,50,,,,2.2,3,2.6,2.37,3.2,2.62,,,,2.25,3.25,2.75,2.1,3.1,3.2
E2,18/08/01,Bristol City,Swindon,3,1,H,1,0,H,13818,P. Dowd,10,7,6,3,0,0,3,6,25,32,1,3,4,3,0,1,40,55,,,,1.55,3.4,4.3,1.57,3.6,5,,,,1.57,3.6,5,1.57,3.4,5.5
E2,18/08/01,Bury,QPR,1,2,A,1,1,D,4167,C. H. Webster,12,6,4,3,1,0,1,3,11,15,9,4,1,0,0,0,10,0,,,,2.4,3,2.3,2.5,3.2,2.5,,,,2.38,3.25,2.6,,,
E2,18/08/01,Colchester,Tranmere,2,1,H,0,0,D,3618,P. J. Prosser,13,14,8,8,0,0,7,2,15,16,2,3,3,1,0,1,30,35,,,,2.3,2.9,2.5,2.37,3.4,2.5,,,,2.25,3.4,2.62,2.37,3.2,2.62
E2,18/08/01,Notts County,Cambridge,2,1,H,1,0,H,5744,M. Clattenburg,15,9,9,4,0,1,5,11,11,11,5,2,0,3,1,0,25,30,,,,1.6,3.2,4.2,1.67,3.4,4.33,,,,1.67,3.5,4.33,1.57,3.4,5.5
E2,18/08/01,Oldham,Chesterfield,1,1,D,1,0,H,5534,H. M. Webb,14,13,4,5,0,0,7,6,11,16,5,5,0,0,0,0,0,0,,,,1.75,3.2,3.4,1.73,3.5,4,,,,1.83,3.4,3.6,1.8,3.4,3.75
E2,18/08/01,Peterboro,Cardiff,1,1,D,1,1,D,6437,S. J. Baines,8,14,1,4,0,0,8,9,12,14,0,0,0,0,0,0,0,0,,,,2.5,2.9,2.3,2.75,3.25,2.25,,,,2.62,3.2,2.38,2.62,3.3,2.3
E2,18/08/01,Reading,Huddersfield,1,0,H,1,0,H,11915,A. N. Butler,8,9,3,5,0,0,9,1,9,18,2,1,2,4,0,0,20,40,,,,1.8,3.1,3.4,1.83,3.25,3.75,,,,1.83,3.4,3.6,1.8,3.4,3.75
E2,18/08/01,Stoke,Northampton,2,0,H,0,0,D,12845,M. G. Cowburn,12,5,6,2,0,1,6,4,12,9,0,5,2,2,0,0,20,20,,,,1.5,3.4,4.7,1.53,3.6,5.5,,,,1.53,3.5,5.5,1.53,3.5,5.5
E2,18/08/01,Wycombe,Wrexham,5,2,H,4,0,H,5425,M. R. Warren,8,10,5,4,0,1,4,12,13,4,0,1,3,2,0,0,30,20,,,,2,2.9,3,2.2,3.25,2.87,,,,2.1,3.4,2.88,1.83,3.3,3.75
E2,25/08/01,Blackpool,Wycombe,2,2,D,2,1,H,5010,C. H. Webster,17,6,9,2,0,0,11,6,13,19,5,4,2,1,0,0,20,10,,,,2.2,2.9,2.7,2.25,3.25,2.75,,,,2.2,3.25,2.8,2.2,3.25,2.8
E2,25/08/01,Cambridge,Stoke,0,2,A,0,0,D,3336,P. S. Danson,8,9,5,7,0,0,12,2,12,12,2,2,1,4,1,1,35,65,,,,2.5,2.9,2.3,2.75,3.25,2.25,,,,2.75,3.25,2.25,2.62,3.3,2.3
E2,25/08/01,Cardiff,Bournemouth,2,2,D,1,0,H,13383,M. Fletcher,15,7,4,4,1,0,8,4,8,9,2,4,2,2,1,0,45,20,,,,1.6,3.2,4.2,1.57,3.6,5,,,,1.62,3.6,4.5,1.61,3.4,5
E2,25/08/01,Chesterfield,Brentford,0,1,A,0,1,A,3571,M. J. Brandwood,11,7,3,1,1,0,6,4,16,19,3,2,1,4,0,0,10,40,,,,2.35,3,2.35,2.62,3.2,2.37,,,,2.5,3.2,2.5,2.25,3.25,2.75
E2,25/08/01,Huddersfield,Bury,2,0,H,0,0,D,8684,G. Laws,10,7,7,2,0,1,8,2,17,22,3,1,0,3,0,0,0,30,,,,1.6,3.2,4.2,1.61,3.4,5,,,,1.57,3.6,5,1.57,3.4,5.5
E2,25/08/01,Northampton,Notts County,0,2,A,0,1,A,4648,D. R. Crick,13,14,2,6,1,0,5,6,12,15,3,0,1,2,0,0,10,20,,,,2.4,2.9,2.4,2.5,3.2,2.5,,,,2.75,3.25,2.25,2.6,3.2,2.4
E2,25/08/01,Port Vale,Peterboro,4,1,H,1,0,H,4925,B. Curson,15,13,8,4,0,0,1,8,10,17,3,1,2,2,0,0,20,20,,,,1.75,3.1,3.6,1.8,3.25,4,,,,1.73,3.5,4,1.66,3.4,4.5
E2,25/08/01,QPR,Reading,0,0,D,0,0,D,13829,B. Knight,7,6,3,3,0,0,2,5,12,14,1,3,4,2,0,0,40,20,,,,2.3,3,2.4,2.37,3.2,2.62,,,,2.38,3.25,2.6,,,
E2,25/08/01,Swindon,Oldham,0,2,A,0,2,A,5219,P. Armstrong,13,14,7,7,0,1,5,4,15,13,5,4,2,2,0,0,20,20,,,,1.9,3,3.1,2.2,3.4,2.75,,,,2.2,3.25,2.8,1.83,3.3,3.75
E2,25/08/01,Tranmere,Brighton,0,0,D,0,0,D,8162,R. Pearson,24,7,10,5,0,0,8,2,13,18,2,6,3,2,0,0,30,20,,,,2.2,2.9,2.7,2.1,3.25,3,,,,2.2,3.25,2.8,2.2,3.25,2.8
E2,25/08/01,Wigan,Bristol City,1,2,A,0,0,D,6231,S. J. Baines,6,8,1,5,0,1,2,2,13,6,6,10,0,1,0,0,0,10,,,,2.2,2.9,2.7,2.25,3.25,2.75,,,,2.25,3.4,2.62,2.2,3.25,2.8
E2,25/08/01,Wrexham,Colchester,1,1,D,0,1,A,2592,M. G. Cowburn,9,9,5,5,1,0,5,6,9,10,0,4,3,2,2,0,80,20,,,,2,2.9,3,2,3.25,3.25,,,,2.1,3.4,2.88,2,3.25,3.25
E2,27/08/01,Brentford,Cambridge,2,1,H,1,0,H,4674,H. M. Webb,15,7,4,2,1,1,3,7,14,11,2,4,1,2,0,0,10,20,,,,1.6,3.3,4,1.5,3.6,6,,,,1.73,3.5,4,1.61,3.4,5
E2,27/08/01,Brighton,Blackpool,4,0,H,1,0,H,6696,R. J. Olivier,14,4,9,2,1,0,6,6,9,10,3,2,1,2,0,1,10,45,,,,1.7,3.1,3.8,1.73,3.25,4.33,,,,1.62,3.6,4.5,1.66,3.4,4.5
E2,27/08/01,Bury,Swindon,0,3,A,0,0,D,3202,M. Clattenburg,11,10,2,5,0,0,7,10,17,11,4,2,1,0,1,0,35,0,,,,2,3,2.9,2.1,3.25,3,,,,1.91,3.5,3.25,2,3.3,3.2
E2,27/08/01,Colchester,Port Vale,2,0,H,1,0,H,3611,P. Armstrong,11,8,3,4,0,0,4,3,13,12,2,1,2,1,0,0,20,10,,,,2.1,3,2.8,2.1,3.25,3,,,,2,3.25,3.25,2,3.4,3.1
E2,27/08/01,Notts County,Chesterfield,1,1,D,0,0,D,6236,A. G. Wiley,11,13,4,9,0,0,2,10,23,21,1,3,2,1,0,0,20,10,,,,1.5,3.4,4.7,1.57,3.6,5,,,,1.57,3.6,5,1.53,3.5,5.5
E2,27/08/01,Peterboro,Huddersfield,1,2,A,0,0,D,5253,M. J. Jones,9,7,3,5,0,0,6,9,14,16,4,5,2,3,0,0,20,30,,,,2.35,3,2.35,2.5,3.2,2.5,,,,2.6,3.25,2.38,2.4,3.2,2.6
E2,27/08/01,Stoke,Tranmere,1,2,A,0,1,A,12031,S. J. Baines,16,8,4,5,0,0,12,6,12,20,0,6,0,4,0,0,0,40,,,,1.7,3.1,3.8,1.73,3.5,4,,,,1.73,3.5,4,1.72,3.25,4.33
E2,27/08/01,Wycombe,QPR,1,0,H,0,0,D,9217,D. J. Gallagher ,9,6,6,4,0,0,6,4,7,14,5,5,1,0,0,0,10,0,,,,2.35,3,2.35,2.37,3.2,2.6,,,,2.38,3.4,2.5,,,
E2,28/08/01,Oldham,Northampton,4,2,H,2,0,H,4941,F. G. Stretton ,19,14,11,9,0,0,7,9,12,14,0,3,0,0,0,0,0,0,,,,1.8,3.1,3.4,1.73,3.25,4.33,,,,1.8,3.4,3.75,1.83,3.3,3.75
E2,30/08/01,QPR,Bristol City,0,0,D,0,0,D,11655,L. E. Cable ,9,9,4,4,0,1,4,9,14,11,0,3,2,0,1,0,45,0,,,,2.1,3,2.8,2.37,3.2,2.6,2.25,3.25,2.75,2.38,3.2,2.62,,,
E2,31/08/01,Northampton,Brighton,2,0,H,1,0,H,5408,R. D. Furnandiz,12,12,5,5,1,0,4,6,7,11,4,3,1,3,0,0,10,30,,,,2.8,3,2.1,3.25,3.25,2,3,3.25,2.1,2.88,3.4,2.1,3,3.25,2.1
E2,01/09/01,Cambridge,Bournemouth,2,2,D,0,0,D,2754,P. J. Joslin,10,18,4,7,1,0,7,7,11,14,0,1,2,1,0,0,20,10,,,,2.3,3,2.4,2.37,3.2,2.62,2.25,3.25,2.75,2.38,3.25,2.6,2.37,3.2,2.62
E2,01/09/01,Chesterfield,Peterboro,0,1,A,0,0,D,3555,M. Ryan,8,11,5,7,0,0,8,7,8,18,7,7,1,4,0,0,10,40,,,,2.1,3,2.8,2.2,3.25,2.87,2.2,3.25,2.8,2.2,3.25,2.8,2.1,3.25,3
E2,01/09/01,Port Vale,Reading,0,2,A,0,1,A,5196,M. S. Pike,6,15,2,7,0,1,1,5,9,14,3,4,1,4,0,0,10,40,,,,2.35,3,2.35,2.62,3.2,2.37,2.5,3.2,2.5,2.5,3.2,2.5,2.5,3.2,2.5
E2,01/09/01,Swindon,Colchester,1,0,H,0,0,D,4889,R. J. Harris,11,7,4,4,0,0,5,6,16,15,2,2,1,2,0,0,10,20,,,,2.3,3,2.4,2.37,3.4,2.5,2.3,3.2,2.7,2.38,3.25,2.6,2.3,3.3,2.62
E2,01/09/01,Tranmere,Oldham,2,2,D,1,1,D,8716,M. Fletcher,11,9,6,4,1,0,7,1,27,26,3,3,5,6,0,0,50,60,,,,1.9,3,3.1,1.91,3.4,3.4,1.91,3.25,3.5,1.91,3.2,3.6,1.8,3.2,4
E2,02/09/01,Huddersfield,Wycombe,2,1,H,1,1,D,9750,A. R. Leake,17,9,10,5,0,0,4,2,12,16,3,5,0,3,0,0,0,30,,,,1.65,3.2,3.8,1.67,3.4,4.5,1.62,3.4,5,1.57,3.6,5,1.66,3.4,4.5
E2,08/09/01,Bournemouth,Swindon,0,0,D,0,0,D,3770,R. J. Beeby,11,10,3,3,0,0,3,9,11,10,4,2,3,1,0,0,30,10,,,,2.1,3,2.8,2.1,3.25,3,2.2,3.25,2.8,2.25,3.4,2.62,2.2,3.25,2.8
E2,08/09/01,Brentford,Tranmere,4,0,H,1,0,H,5211,P. Walton,15,5,9,3,1,0,9,5,24,15,5,3,1,0,0,0,10,0,,,,1.9,3.1,3,1.8,3.4,3.75,2,3.25,3.25,2.1,3.4,2.88,2,3.25,3.25
E2,08/09/01,Brighton,QPR,2,1,H,0,0,D,6820,W. M. Jordan,14,9,4,4,1,1,9,4,10,21,8,3,0,3,0,0,0,30,,,,2.1,3,2.8,2.1,3.25,3,2.1,3.2,3.1,2.1,3.4,2.88,,,
E2,08/09/01,Bristol City,Port Vale,1,1,D,0,1,A,12560,A. R. Hall,10,7,7,3,0,0,11,1,12,13,2,1,1,1,0,0,10,10,,,,1.6,3.3,4,1.57,3.5,5,1.62,3.4,5,1.62,3.6,4.5,1.61,3.4,5
E2,08/09/01,Bury,Wigan,0,2,A,0,1,A,4175,R. Pearson,10,12,1,9,0,1,9,6,13,11,3,5,1,4,0,0,10,40,,,,2.4,2.9,2.4,2.75,3.25,2.25,2.5,3.2,2.5,2.5,3.2,2.5,2.5,3.2,2.5
E2,08/09/01,Colchester,Northampton,3,1,H,3,0,H,3705,P. Rejer,10,8,6,4,0,0,0,2,7,20,4,2,1,4,1,0,35,40,,,,1.7,3.2,3.6,1.67,3.4,4.5,1.67,3.4,4.5,1.67,3.5,4.33,1.72,3.25,4.33
E2,08/09/01,Notts County,Wrexham,2,2,D,2,1,H,4776,A. Bates,13,14,5,8,0,0,7,4,12,16,2,1,2,2,0,0,20,20,,,,1.6,3.3,4,1.67,3.4,4.5,1.67,3.4,4.5,1.67,3.5,4.33,1.66,3.4,4.5
E2,08/09/01,Oldham,Blackpool,2,1,H,1,0,H,6650,M. Ryan,9,9,5,5,0,0,6,6,9,17,5,2,5,3,0,1,50,55,,,,1.8,3.1,3.4,1.8,3.25,4,1.8,3.25,4,1.8,3.4,3.75,1.8,3.4,3.75
E2,08/09/01,Peterboro,Cambridge,1,0,H,0,0,D,8656,U. D. Rennie,18,2,4,1,1,0,9,7,15,15,3,4,1,2,0,0,10,20,,,,1.9,3.1,3,1.8,3.25,4,1.91,3.25,3.5,1.83,3.4,3.6,2,3.25,3.25
E2,08/09/01,Reading,Cardiff,1,2,A,1,2,A,13017,D. Pugh,10,5,3,2,2,2,11,6,19,24,3,8,3,6,1,0,55,60,,,,1.65,3.2,3.8,1.73,3.25,4.33,1.73,3.25,4.33,1.67,3.5,4.33,1.66,3.4,4.5
E2,08/09/01,Stoke,Huddersfield,1,1,D,0,1,A,13319,C. Webster,10,8,4,7,0,0,13,2,17,17,1,2,0,3,0,0,0,30,,,,2.3,3,2.4,2.25,3.25,2.75,2.25,3.25,2.75,2.25,3.4,2.62,2.2,3.25,2.8
E2,08/09/01,Wycombe,Chesterfield,0,0,D,0,0,D,5644,K. D. Hill,10,7,6,4,0,0,2,9,14,13,3,5,2,4,0,0,20,40,,,,1.65,3.2,3.8,1.67,3.4,4.5,1.62,3.4,5,1.57,3.6,5,1.66,3.4,4.5
E2,11/09/01,Wrexham,Bury,1,0,H,0,0,D,2470,M. A. Cooper,9,9,6,5,0,0,11,10,13,9,6,4,3,5,0,0,30,50,,,,1.8,3.1,3.4,1.73,3.25,4.33,1.8,3.25,4,1.73,3.5,4,1.8,3.4,3.75
E2,14/09/01,Wrexham,Brighton,1,2,A,0,0,D,3434,G. Laws,10,5,6,0,0,0,7,4,16,19,2,3,2,3,0,0,20,30,,,,2.35,3,2.35,2.62,3.2,2.37,2.4,3.2,2.6,,,,2.5,3.2,2.5
E2,15/09/01,Bournemouth,Bury,3,2,H,2,2,D,3004,P. Walton,10,8,5,2,0,0,2,5,9,17,8,1,1,3,0,0,10,30,,,,1.9,3,3.1,1.73,3.25,4.33,1.83,3.25,3.75,1.8,3.4,3.75,1.9,3.3,3.5
E2,15/09/01,Bristol City,Colchester,3,1,H,1,1,D,9992,R. J. Olivier,9,7,4,2,0,1,7,10,10,11,4,2,1,2,0,0,10,20,,,,1.7,3.2,3.6,1.67,3.4,4.5,1.73,3.25,4.33,1.67,3.5,4.33,1.66,3.4,4.5
E2,15/09/01,Cambridge,Cardiff,2,1,H,1,0,H,3454,F. G. Stretton,14,12,7,7,0,1,4,7,10,13,1,1,2,3,0,0,20,30,,,,2.6,3,2.2,3,3.25,2.1,3,3.25,2.1,2.8,3.25,2.2,2.87,3.2,2.2
E2,15/09/01,Huddersfield,Blackpool,2,4,A,1,2,A,10691,P. J. Joslin,8,8,4,6,0,0,6,7,15,12,1,2,3,1,0,0,30,10,,,,1.5,3.5,4.5,1.5,3.6,6,1.53,3.4,6,1.53,3.5,5.5,1.57,3.4,5.5
E2,15/09/01,Northampton,Chesterfield,0,2,A,0,1,A,4535,M. J. Jones,6,11,2,6,0,1,1,6,14,11,0,8,4,2,1,0,65,20,,,,2,3,2.9,2.1,3.25,3,2.1,3.25,3,2.1,3.25,3,2.1,3.25,3
E2,15/09/01,Notts County,Brentford,0,0,D,0,0,D,5043,S. W. Mathieson,10,6,4,2,0,0,5,8,5,13,3,3,0,0,0,0,0,0,,,,2.2,3,2.6,2.37,3.2,2.62,2.3,3.2,2.7,2.25,3.25,2.75,2.1,3.25,3
E2,15/09/01,Oldham,Peterboro,2,0,H,0,0,D,4855,A. R. Leake,13,13,9,7,0,0,7,1,9,13,2,6,0,1,0,0,0,10,,,,1.8,3.1,3.4,1.8,3.25,4,1.8,3.25,4,1.8,3.4,3.75,1.72,3.3,4.33
E2,15/09/01,QPR,Port Vale,4,1,H,0,0,D,9295,P. Samson,17,6,7,3,0,0,4,1,11,14,1,3,1,1,0,1,10,35,,,,1.75,3.2,3.5,1.73,3.25,4.33,1.83,3.25,3.75,1.83,3.4,3.6,,,
E2,15/09/01,Stoke,Reading,2,0,H,2,0,H,11752,E. K. Wolstenholme,14,9,10,3,1,1,10,7,14,10,10,6,1,2,0,0,10,20,,,,2.35,3,2.35,2.5,3.2,2.5,2.5,3.2,2.5,2.5,3.2,2.5,2.37,3.2,2.62
E2,15/09/01,Swindon,Tranmere,2,2,D,1,1,D,6089,M. G. Cowburn,17,12,11,10,2,0,1,10,17,14,2,3,3,2,0,1,30,45,,,,2.1,3,2.8,2.2,3.25,2.75,2.1,3.25,3,2.1,3.25,3,2.1,3.25,3
E2,15/09/01,Wycombe,Wigan,1,0,H,1,0,H,5400,R. J. Harris,15,20,8,9,1,0,2,10,20,19,4,1,2,4,0,0,20,40,,,,2.2,3,2.6,2.2,3.25,2.87,2.38,3.2,2.6,2.38,3.4,2.5,2.5,3.2,2.5
E2,18/09/01,Blackpool,QPR,2,2,D,0,1,A,5100,H. M. Webb,18,7,11,4,2,1,6,5,10,11,10,7,1,2,0,0,10,20,,,,2.3,2.9,2.5,2.25,3.25,2.75,2.25,3.25,2.75,2.38,3.25,2.6,,,
E2,18/09/01,Brentford,Bristol City,2,2,D,2,1,H,6342,M. J. Brandwood,10,11,7,4,0,1,3,4,20,14,2,1,0,2,0,0,0,20,,,,2.2,3,2.6,2.2,3.25,2.87,2.2,3.25,2.8,2.38,3.25,2.6,2.2,3.25,2.8
E2,18/09/01,Brighton,Stoke,1,0,H,0,0,D,6627,P. Jones,10,5,4,2,1,0,6,14,16,21,1,5,1,4,0,0,10,40,,,,2,3,2.9,1.91,3.4,3.4,2.1,3.25,3,2.2,3.25,2.8,2.2,3.25,2.8
E2,18/09/01,Cardiff,Northampton,2,0,H,1,0,H,11232,A. Parkes,14,4,6,0,0,0,3,2,13,10,1,3,1,1,0,0,10,10,,,,1.4,3.6,5.5,1.44,3.75,6.5,1.44,3.6,7,1.44,3.75,6.5,1.44,3.6,7
E2,18/09/01,Chesterfield,Wrexham,3,2,H,1,0,H,3530,P. R. Richards,16,7,8,4,1,0,12,0,19,17,7,0,3,5,0,1,30,75,,,,2.1,3,2.8,2.2,3.25,2.87,2.2,3.25,2.8,2.1,3.4,2.88,2.1,3.25,3
E2,18/09/01,Colchester,Oldham,2,1,H,2,0,H,2991,P. E. Alcock,12,10,7,5,0,0,5,4,7,12,3,2,0,1,0,1,0,35,,,,2.1,3,2.8,2.1,3.25,3,2.1,3.25,3,2,3.5,3,2.1,3.25,3
E2,18/09/01,Peterboro,Bournemouth,6,0,H,3,0,H,3445,A. Bates,16,9,9,2,1,0,5,2,11,8,3,1,0,2,0,0,0,20,,,,2,3,2.9,2,3.25,3.25,2,3.25,3.25,2.1,3.25,3,2,3.25,3.25
E2,18/09/01,Port Vale,Swindon,0,2,A,0,1,A,3737,M. A. Cooper,15,13,8,5,0,0,6,6,17,16,3,0,2,1,0,0,20,10,,,,1.85,3.1,3.2,1.8,3.4,3.75,1.91,3.25,3.5,1.83,3.5,3.5,1.9,3.25,3.5
E2,18/09/01,Reading,Cambridge,1,0,H,0,0,D,8348,L. E. Cable,18,3,8,1,0,0,8,7,10,15,2,2,1,3,0,0,10,30,,,,1.45,3.5,5,1.44,3.75,6.5,1.44,3.75,6.5,1.5,3.5,6,1.44,3.6,7
E2,18/09/01,Tranmere,Notts County,4,2,H,1,2,A,7343,M. R. Warren,17,9,10,5,0,1,5,3,12,16,3,4,3,2,0,0,30,20,,,,2,3,2.9,2,3.25,3.25,2,3.25,3.25,2.25,3.25,2.75,2,3.25,3.25
E2,18/09/01,Wigan,Huddersfield,1,0,H,0,0,D,5717,D. Pugh,9,8,5,2,0,0,3,5,21,17,2,1,3,2,0,1,30,45,,,,2.2,3,2.6,2.2,3.25,2.87,2.2,3.25,2.8,2.25,3.25,2.75,2.2,3.25,2.8
E2,21/09/01,Tranmere,Wrexham,5,0,H,1,0,H,10285,M. R. Halsey,13,12,7,7,0,1,3,8,18,15,4,4,1,2,0,0,10,20,,,,1.75,3.2,3.4,1.73,3.5,4,1.73,3.3,4.33,1.8,3.25,4,1.8,3.25,4
E2,22/09/01,Blackpool,Cambridge,1,1,D,1,0,H,5096,A. R. Hall,13,5,6,3,0,0,11,5,13,15,6,4,2,2,0,0,20,20,,,,1.75,3.2,3.4,1.73,3.25,4.33,1.73,3.3,4.33,1.73,3.5,4,1.8,3.4,3.75
E2,22/09/01,Brentford,Oldham,2,2,D,0,1,A,5525,R. J. Beeby,9,11,4,5,1,0,7,5,12,16,7,3,1,3,1,0,35,30,,,,1.9,3.1,3,1.73,3.25,4.33,1.8,3.25,4,2,3.25,3.25,2.1,3.25,3.5
E2,22/09/01,Brighton,Bournemouth,2,1,H,1,0,H,6714,P. Taylor,16,12,8,5,1,1,4,3,13,8,5,3,1,3,0,0,10,30,,,,1.55,3.4,4.3,1.57,3.6,5,1.55,3.5,5.25,1.62,3.6,4.5,1.53,3.4,6
E2,22/09/01,Bury,Stoke,0,1,A,0,1,A,4727,G. Cain,7,11,1,9,1,0,4,5,10,12,2,9,3,2,0,0,30,20,,,,2.8,3,2.1,3,3.25,2.1,3,3.25,2.1,3,3.5,2,2.8,3.25,2.2
E2,22/09/01,Cardiff,Huddersfield,1,2,A,1,1,D,12280,M. J. Brandwood,9,9,5,6,0,0,4,1,11,16,0,3,2,2,0,0,20,20,,,,2,3,2.9,2.1,3.25,3,2,3.25,3.25,2.1,3.25,3,2,3.25,3.25
E2,22/09/01,Chesterfield,Swindon,4,0,H,0,0,D,4275,R. D. Furnandiz,16,8,9,4,1,0,6,8,11,9,3,3,0,0,0,0,0,0,,,,2.2,3,2.6,2.25,3.25,2.75,2.38,3.2,2.6,2.25,3.4,2.62,2.2,3.25,2.8
E2,22/09/01,Colchester,Notts County,0,1,A,0,0,D,3796,S. G. Tomlin,9,15,6,7,0,1,5,8,9,10,1,2,0,0,0,0,0,0,,,,1.85,3.1,3.2,1.91,3.4,3.4,1.91,3.4,3.4,2.1,3.25,3,1.83,3.4,3.6
E2,22/09/01,Peterboro,Bristol City,4,1,H,3,0,H,5550,M. Clatenberg,16,13,9,5,0,0,3,6,14,7,1,2,1,1,0,0,10,10,,,,2.6,3,2.2,2.87,3.25,2.2,2.75,3.2,2.3,2.75,3.25,2.25,2.7,3.2,2.3
E2,22/09/01,Port Vale,Northampton,0,1,A,0,0,D,4419,A. Kaye,19,7,4,2,2,0,7,2,8,15,2,2,0,0,0,0,0,0,,,,1.55,3.4,4.3,1.53,3.6,5.5,1.57,3.4,5.5,1.62,3.6,4.5,1.57,3.4,5.5
E2,22/09/01,Reading,Wycombe,2,0,H,2,0,H,13565,C. J. Foy,16,3,12,0,0,0,11,12,10,13,1,7,5,2,0,1,50,45,,,,1.65,3.2,3.8,1.73,3.25,4.33,1.62,3.4,5,1.62,3.6,4.5,1.61,3.4,5
E2,22/09/01,Wigan,QPR,1,2,A,1,1,D,6686,A. N. Butler,9,11,7,8,0,0,1,11,9,11,10,3,2,3,0,0,20,30,,,,1.9,3.1,3,2,3.25,3.25,2,3.4,3.1,2.2,3.25,2.8,,,
E2,25/09/01,Bournemouth,Reading,1,0,H,0,0,D,3691,P. S. Danson,11,6,3,3,0,0,4,6,9,9,6,9,1,1,0,0,10,10,,,,2.9,3,2,3,3.25,2.1,3,3.25,2.1,3,3.25,2.1,3.25,3.25,2
E2,25/09/01,Bristol City,Tranmere,2,0,H,2,0,H,9634,P. Armstrong,15,12,9,3,0,0,9,4,12,18,3,0,2,2,0,0,20,20,,,,1.8,3,3.5,1.83,3.25,3.75,1.83,3.25,3.8,1.8,3.4,3.75,1.8,3.2,4
E2,25/09/01,Cambridge,Wigan,2,2,D,1,1,D,2969,P. E. Alcock,10,12,7,10,1,0,8,11,12,14,1,4,0,0,0,0,0,0,,,,2.5,2.9,2.3,2.62,3.2,2.37,2.5,3.2,2.5,2.38,3.4,2.5,2.62,3.2,2.37
E2,25/09/01,Huddersfield,Chesterfield,0,0,D,0,0,D,9399,S. W. Mathieson,11,2,3,1,1,0,13,3,9,9,5,1,0,1,0,0,0,10,,,,1.55,3.3,4.5,1.61,3.4,5,1.62,3.4,5,1.62,3.6,4.5,1.57,3.4,5.5
E2,25/09/01,Northampton,Blackpool,1,3,A,0,2,A,5103,P. J. Prosser,12,26,8,10,0,3,5,7,10,10,3,2,2,1,0,0,20,10,,,,2.2,3,2.6,2.37,3.2,2.62,2.4,3.2,2.6,2.38,3.2,2.6,2.2,3.25,2.8
E2,25/09/01,Notts County,Peterboro,1,0,H,0,0,D,5633,M. J. Brandwood,16,16,7,6,0,1,6,7,12,13,5,3,1,1,0,0,10,10,,,,1.9,3.1,3,2.1,3.25,3,2,3.25,3.25,1.91,3.4,3.4,1.83,3.3,3.75
E2,25/09/01,Oldham,Bury,4,0,H,2,0,H,5605,M. S. Pike,24,8,11,3,0,1,10,3,5,10,2,4,1,2,0,1,10,45,,,,1.5,3.4,4.7,1.4,4,6.5,1.44,3.75,6.5,1.53,3.5,5.5,1.5,3.5,6
E2,25/09/01,QPR,Cardiff,2,1,H,0,1,A,11667,M. D. Messias,10,3,3,1,0,0,2,6,15,23,1,2,2,2,0,0,20,20,,,,2.1,3,2.8,2.1,3.25,3,2.2,3.25,2.8,2.2,3.25,2.8,,,
E2,25/09/01,Swindon,Brentford,2,0,H,1,0,H,5519,L. E. Cable,12,12,9,3,0,0,6,3,20,19,1,1,1,1,0,0,10,10,,,,2.35,3,2.35,2.5,3.2,2.5,2.5,3.2,2.5,2.5,3.2,2.5,2.5,3.2,2.5
E2,25/09/01,Wrexham,Port Vale,1,3,A,0,1,A,3091,G. B. Frankland,10,8,7,4,0,0,4,6,19,16,2,1,2,3,0,0,20,30,,,,2.2,2.9,2.7,2.2,3.25,2.87,2.25,3.25,2.75,2.25,3.25,2.75,2.2,3.25,2.8
E2,25/09/01,Wycombe,Brighton,1,1,D,0,1,A,7097,D. R. Crick,12,5,9,2,0,0,8,3,9,11,2,1,0,1,0,0,0,10,,,,2.3,3,2.5,2.37,3.2,2.62,2.4,3.2,2.6,2.5,3.4,2.38,2.3,3.3,2.62
E2,26/09/01,Stoke,Colchester,3,0,H,1,0,H,9515,R. Pearson,15,7,7,2,0,0,6,4,12,11,1,4,0,4,0,0,0,40,,,,1.65,3.2,3.8,1.67,3.4,4.5,1.67,3.4,4.5,1.67,3.5,4.33,1.66,3.4,4.5
E2,29/09/01,Blackpool,Wigan,3,1,H,1,0,H,5279,B. Curson,11,11,6,5,1,0,4,2,16,15,3,8,0,3,0,0,0,30,,,,2.3,3,2.4,2.37,3.2,2.62,2.2,3.25,2.8,2.25,3.25,2.75,2.25,3.2,2.8
E2,29/09/01,Brentford,Colchester,4,1,H,2,1,H,5179,W. M. Jordan,17,7,9,3,1,0,6,4,9,11,6,4,1,0,1,0,35,0,,,,1.7,3.2,3.6,1.67,3.4,4.5,1.83,3.25,3.75,1.83,3.4,3.6,1.8,3.4,3.75
E2,29/09/01,Cambridge,QPR,2,1,H,1,0,H,4508,R. J. Beeby,11,13,5,7,1,0,9,5,12,11,1,3,1,1,1,0,35,10,,,,2.4,3,2.3,2.75,3.25,2.25,2.75,3.25,2.25,2.6,3.2,2.38,,,
E2,29/09/01,Cardiff,Brighton,1,1,D,0,1,A,12022,M. Warren,8,4,5,1,0,0,9,3,9,11,1,3,3,2,0,0,30,20,,,,2.1,3,2.8,2.2,3.25,2.87,2.2,3.25,2.8,2.2,3.25,2.8,2.1,3.25,3
E2,29/09/01,Chesterfield,Tranmere,0,2,A,0,1,A,4790,H. M. Webb,7,12,2,4,1,1,8,6,7,11,3,4,0,1,0,0,0,10,,,,2.3,3,2.4,2.25,3.25,2.75,2.38,3.2,2.62,2.25,3.4,2.62,2.37,3.2,2.62
E2,29/09/01,Huddersfield,Bristol City,1,0,H,0,0,D,10652,F. G. Stretton,12,6,6,1,0,1,9,9,10,10,4,2,1,1,0,0,10,10,,,,2,3,2.9,2,3.25,3.25,2.2,3.2,2.88,2.1,3.4,2.88,2.1,3.25,3
E2,29/09/01,Northampton,Swindon,1,1,D,0,0,D,5104,G. Cain,8,8,5,4,0,0,2,4,3,5,0,0,0,0,0,0,0,0,,,,2.35,3,2.35,2.37,3.2,2.62,2.62,3.2,2.38,2.25,3.4,2.62,2.5,3.2,2.5
E2,29/09/01,Oldham,Notts County,4,1,H,2,0,H,6864,G. Laws,16,12,7,4,1,0,5,5,14,12,4,2,2,2,0,0,20,20,,,,1.9,3.1,3,1.8,3.25,4,2,3.25,3.25,2,3.25,3.25,2.1,3.25,3
E2,29/09/01,Reading,Bury,1,1,D,1,0,H,10035,D. R. Crick,14,9,7,5,0,1,8,11,7,12,4,7,3,1,0,0,30,10,,,,1.3,4,7,1.28,4.5,9,1.3,4.33,8.5,1.33,4.33,7.5,1.33,4,8.5
E2,29/09/01,Stoke,Bournemouth,2,0,H,1,0,H,14803,M. Clattenburg,7,6,4,4,0,0,10,5,13,17,3,3,2,0,0,0,20,0,,,,1.5,3.5,4.5,1.57,3.4,5.5,1.5,3.5,6,1.44,3.75,6.5,1.5,3.5,6
E2,29/09/01,Wrexham,Peterboro,1,2,A,0,0,D,2640,C. H. Webster,4,10,3,3,0,2,5,6,12,13,4,3,2,4,0,0,20,40,,,,2.35,3,2.35,2.75,3.25,2.25,2.4,3.2,2.6,2.38,3.4,2.5,2.37,3.2,2.62
E2,29/09/01,Wycombe,Port Vale,3,1,H,3,0,H,5714,P. Taylor,12,10,10,5,1,1,6,6,10,8,3,2,0,1,0,0,0,10,,,,1.7,3.2,3.6,1.67,3.4,4.5,1.8,3.25,4,1.67,3.5,4.33,1.8,3.4,3.75
E2,02/10/01,Bury,Wycombe,1,1,D,1,1,D,2459,P. J. Joslin,19,7,7,3,2,0,9,3,19,17,1,4,1,1,0,1,10,35,,,,2.6,3,2.2,3,3.25,2.1,2.8,3.25,2.2,2.75,3.25,2.25,,,
E2,04/10/01,Tranmere,Blackpool,4,0,H,3,0,H,10354,P. Rejer,13,11,9,6,0,0,6,5,19,14,5,3,2,2,0,0,20,20,,,,1.7,3.2,3.6,1.73,3.5,4,1.83,3.25,3.75,1.83,3.5,3.5,1.72,3.3,4.33
E2,05/10/01,Bournemouth,Oldham,3,2,H,0,1,A,3312,A. R. Hall,10,10,6,5,0,1,6,3,15,15,3,1,2,3,1,0,45,30,,,,2.35,3,2.35,2.6,3.2,2.37,2.75,3.25,2.25,2.5,3.4,2.38,2.5,3.2,2.5
E2,05/10/01,Brighton,Brentford,1,2,A,0,1,A,6823,B. Curson,13,9,4,5,0,0,4,2,10,15,4,2,2,1,0,0,20,10,,,,1.75,3.2,3.5,1.83,3.25,3.75,1.8,3.25,4,1.8,3.4,3.75,1.72,3.3,4.33
E2,05/10/01,Bristol City,Chesterfield,3,0,H,2,0,H,10718,S. G. Tomlin,14,10,7,1,0,0,5,4,11,13,4,5,1,1,0,0,10,10,,,,1.6,3.3,4,1.61,3.4,5,1.62,3.4,5,1.62,3.6,4.5,1.61,3.4,5
E2,05/10/01,Colchester,Reading,2,0,H,2,0,H,3691,K. D. Hill,11,19,6,6,0,1,2,11,15,10,3,4,2,0,0,0,20,0,,,,2.35,3,2.35,2.5,3.2,2.5,2.5,3.2,2.5,2.6,3.2,2.38,2.8,3.25,2.2
E2,05/10/01,Port Vale,Cambridge,5,0,H,1,0,H,4019,R. Pearson,14,3,8,0,0,0,4,9,7,14,6,0,0,2,0,0,0,20,,,,1.9,3,3.1,1.91,3.25,3.5,1.91,3.25,3.5,1.91,3.4,3.4,2,3.25,3.25
E2,06/10/01,Notts County,Wycombe,0,1,A,0,0,D,4483,S. J. Baines,12,16,5,8,0,1,8,8,13,14,1,6,0,0,0,0,0,0,,,,2,3,2.9,2.2,3.25,2.87,1.91,3.25,3.5,1.91,3.4,3.4,1.9,3.25,3.5
E2,07/10/01,Peterboro,Northampton,2,0,H,1,0,H,8101,B. Knight,14,6,8,0,0,0,5,1,18,20,3,2,3,3,0,0,30,30,,,,1.6,3.3,4,1.57,3.6,5,1.57,3.5,5.2,1.62,3.6,4.5,1.57,3.6,5
E2,07/10/01,QPR,Huddersfield,3,2,H,1,1,D,10668,R. J. Harris,11,12,7,4,0,1,2,7,13,16,2,4,1,2,0,0,10,20,,,,2.2,3,2.6,2.2,3.25,2.87,2.25,3.25,2.75,2.25,3.25,2.75,,,
E2,09/10/01,Bournemouth,Wigan,2,0,H,1,0,H,2908,L. E. Cable,13,5,5,2,0,0,9,2,11,23,3,2,2,2,0,0,20,20,,,,2.2,3,2.6,2.25,3.2,2.75,,,,2.2,3.25,2.8,2.3,3.2,2.7
E2,09/10/01,Bristol City,Cardiff,1,1,D,0,1,A,13804,R. J. Harris,4,7,3,4,0,1,7,3,13,19,5,9,1,4,0,0,10,40,,,,1.8,3.2,3.3,1.8,3.25,4,,,,1.73,3.5,4,1.9,3.25,3.5
E2,12/10/01,Cardiff,Wigan,2,2,D,0,1,A,11072,R. J. Beeby,16,11,5,4,1,0,9,4,9,17,1,0,0,4,0,0,0,40,,,,1.9,3,3.1,1.91,3.25,3.5,,,,1.73,3.5,4,1.9,3.25,3.5
E2,13/10/01,Blackpool,Colchester,2,1,H,0,0,D,5546,M. Clattenburg,15,6,7,4,1,0,5,3,10,12,4,3,1,0,0,0,10,0,,,,2,3,2.9,1.83,3.4,3.6,,,,2.1,3.4,2.88,2,3.25,3.25
E2,13/10/01,Brentford,Peterboro,2,1,H,2,0,H,11097,P. Armstrong,13,12,7,4,0,0,5,8,9,12,11,6,0,2,0,0,0,20,,,,1.7,3.3,3.6,1.73,3.25,4.33,,,,1.73,3.5,4,1.72,3.3,4.33
E2,13/10/01,Cambridge,Bury,3,1,H,1,1,D,3252,P. Jones,9,7,5,5,0,0,3,6,16,19,2,1,2,3,0,0,20,30,,,,1.8,3.2,3.3,1.73,3.25,4.33,,,,1.83,3.4,3.6,1.8,3.4,3.75
E2,13/10/01,Chesterfield,Port Vale,1,1,D,0,0,D,4348,R. J. Olivier,6,8,2,3,1,0,7,5,21,14,2,1,4,2,0,0,40,20,,,,2.1,3,2.8,2,3.25,3.25,,,,2.2,3.25,2.8,2.1,3.25,3
E2,13/10/01,Huddersfield,Brighton,1,2,A,0,1,A,10727,U. D. Rennie,14,10,8,7,0,0,5,5,19,16,4,2,2,2,0,0,20,20,,,,1.85,3.1,3.2,1.91,3.25,3.5,,,,1.91,3.25,3.5,1.9,3.25,3.5
E2,13/10/01,Northampton,Tranmere,4,1,H,2,1,H,4636,L. E. Cable,17,15,5,7,3,1,4,6,12,17,2,2,3,2,0,0,30,20,,,,2.6,3,2.2,2.87,3.25,2.2,,,,2.88,3.2,2.2,2.8,3.25,2.2
E2,13/10/01,Oldham,Bristol City,0,1,A,0,1,A,6565,P. J. Joslin,11,11,3,5,0,0,7,4,9,13,5,3,2,2,0,0,20,20,,,,2.1,3,2.8,2.2,3.25,2.87,,,,2.25,3.4,2.62,2.2,3.25,2.8
E2,13/10/01,Reading,Swindon,1,3,A,0,1,A,14389,P. Taylor,9,10,5,5,0,0,4,4,10,12,6,3,1,4,0,0,10,40,,,,1.8,3.2,3.3,1.61,3.4,5,,,,1.67,3.4,4.5,1.61,3.4,5
E2,13/10/01,Stoke,Notts County,1,0,H,0,0,D,13220,B. Curson,16,4,9,0,0,0,9,1,11,28,3,5,3,3,0,0,30,30,,,,1.65,3.3,3.8,1.61,3.6,4.5,,,,1.62,3.6,4.5,1.66,3.4,4.5
E2,13/10/01,Wrexham,QPR,1,0,H,1,0,H,4474,M. Ryan,8,13,3,5,1,0,2,1,7,15,3,9,1,2,1,0,35,20,,,,2.8,3,2.1,3,3.25,2.1,,,,3,3.25,2.1,,,
E2,13/10/01,Wycombe,Bournemouth,1,1,D,0,1,A,6810,M. J. Jones,18,10,10,4,0,0,7,6,6,10,2,2,0,2,0,0,0,20,,,,1.6,3.3,4,1.61,3.6,4.5,,,,1.57,3.6,5,1.66,3.4,4.5
E2,20/10/01,Bournemouth,Brentford,0,2,A,0,1,A,3934,P. J. Prosser,12,11,3,4,1,1,6,3,8,14,7,2,0,3,0,1,0,55,2.45,3.2,2.55,2.2,3,2.6,2.25,3.25,2.75,,,,2.75,3.25,2.25,2.3,3.3,2.62
E2,20/10/01,Brighton,Oldham,3,0,H,3,0,H,6793,L. E. Cable,16,10,8,4,1,0,8,6,11,14,5,3,0,2,0,0,0,20,1.8,3.3,3.9,1.7,3.2,3.7,1.73,3.25,4.33,,,,1.67,3.4,4.5,1.72,3.3,4.33
E2,20/10/01,Bristol City,Wycombe,0,1,A,0,0,D,11452,G. Cain,18,13,9,7,2,0,8,2,7,8,2,1,2,3,0,0,20,30,1.7,3.4,4.3,1.7,3.2,3.7,1.67,3.4,4.5,,,,1.67,3.4,4.5,1.72,3.3,4.33
E2,20/10/01,Bury,Chesterfield,2,1,H,0,1,A,2898,M. G. Cowburn,10,9,4,6,0,0,4,2,18,11,4,9,3,1,0,0,30,10,2.42,3.2,2.57,2.35,3,2.35,2.5,3.2,2.5,,,,2.38,3.4,2.5,2.4,3.2,2.6
E2,20/10/01,Colchester,Cambridge,3,1,H,2,1,H,4684,P. Dowd,16,9,8,4,0,0,4,7,12,13,0,3,0,1,0,0,0,10,1.73,3.25,4.35,1.7,3.2,3.7,1.73,3.25,4.33,,,,1.83,3.25,3.75,1.72,3.3,4.33
E2,20/10/01,Notts County,Reading,3,4,A,1,4,A,5604,R. Pearson,20,15,11,6,0,1,6,1,10,11,8,7,3,4,0,0,30,40,2.37,3.2,2.62,2.3,3,2.4,2.37,3.2,2.62,,,,2.38,3.2,2.6,2.37,3.2,2.62
E2,20/10/01,Peterboro,Blackpool,3,2,H,1,2,A,5502,W. M. Jordan,18,13,7,7,1,0,4,6,17,20,7,4,4,1,0,0,40,10,1.87,3.25,3.65,1.85,3.1,3.2,1.8,3.25,4,,,,2.1,3.25,3,1.9,3.25,3.5
E2,20/10/01,QPR,Northampton,0,1,A,0,1,A,10444,M. Fletcher,8,12,3,4,0,2,9,4,8,18,1,3,1,3,0,0,10,30,1.5,3.6,5.8,1.5,3.5,4.5,1.5,3.6,6,,,,1.44,3.75,6.5,,,
E2,20/10/01,Tranmere,Huddersfield,1,0,H,0,0,D,8632,M.Clattenberg,6,14,4,6,0,0,6,9,12,10,2,3,2,0,0,0,20,0,2.1,3.25,3,2.1,3,2.8,2.25,3.25,2.75,,,,2.1,3.25,3,2,3.25,3.25
E2,20/10/01,Wigan,Wrexham,2,3,A,1,1,D,5979,P. S. Danson,13,10,10,5,0,1,5,4,25,17,3,0,3,3,1,1,55,55,1.75,3.3,4.2,1.6,3.3,4,1.61,3.6,4.5,,,,1.8,3.25,4,1.66,3.6,4.2
E2,21/10/01,Port Vale,Stoke,1,1,D,0,0,D,10344,P. R. Richards,8,7,5,4,0,0,10,5,10,15,6,2,3,4,0,0,30,40,2.57,3.2,2.42,2.4,3,2.3,2.62,3.2,2.37,,,,2.6,3.2,2.38,2.62,3,2.5
E2,21/10/01,Swindon,Cardiff,0,3,A,0,1,A,8373,C. J. Foy,8,11,5,6,0,0,4,6,16,10,4,5,4,1,1,0,65,10,2.05,3.15,3.2,2.1,3,2.8,2.2,3.25,2.87,,,,2.1,3.25,3,2.1,3.25,3
E2,23/10/01,Brentford,Bury,5,1,H,2,0,H,5389,P. Rejer,14,12,6,7,0,0,7,16,16,16,6,5,1,6,0,1,10,85,1.4,3.75,7.45,1.35,3.9,6,1.33,4,9,1.36,4,7.5,1.4,4,6.5,1.36,3.75,8.5
E2,23/10/01,Bristol City,Bournemouth,1,0,H,1,0,H,9972,D. R. Crick,6,6,6,3,0,0,7,6,13,8,4,2,1,0,0,0,10,0,1.55,3.45,5.5,1.6,3.3,4,1.61,3.25,5,1.57,3.4,5.5,1.53,3.5,5.5,1.57,3.4,5.5
E2,23/10/01,Chesterfield,Stoke,1,2,A,0,0,D,5141,C. R. Wilkes,2,10,2,6,0,1,2,10,15,11,7,3,3,3,0,0,30,30,2.75,3.3,2.25,2.6,3,2.2,2.87,3.25,2.2,2.7,3.2,2.3,2.88,3.4,2.1,2.7,3.2,2.3
E2,23/10/01,Colchester,Wycombe,2,2,D,2,2,D,5186,T. A. Parkes,12,12,5,6,0,0,2,7,9,12,3,0,0,2,0,0,0,20,2.2,3.3,2.8,2.3,3,2.4,2.37,3.2,2.6,2.2,3.25,2.8,2.25,3.4,2.62,2.25,3.25,2.75
E2,23/10/01,Northampton,Huddersfield,0,3,A,0,2,A,5926,M. Ryan,12,17,6,10,1,2,4,5,9,10,0,1,0,1,0,0,0,10,2.4,3.2,2.6,2.3,3,2.4,2.37,3.4,2.5,2.38,3.2,2.62,2.38,3.2,2.6,2.37,3.2,2.62
E2,23/10/01,Notts County,Brighton,2,2,D,1,0,H,5092,G. Cain,14,13,9,6,0,0,4,5,13,12,4,2,2,2,0,0,20,20,2.65,3.2,2.35,2.6,3,2.2,2.75,3.4,2.2,2.62,3.2,2.38,2.75,3.25,2.25,2.62,3.2,2.37
E2,23/10/01,Oldham,Reading,0,1,A,0,1,A,4901,R. D. Furnandiz,16,8,8,4,0,0,9,4,9,11,1,5,2,1,0,0,20,10,2.32,3.2,2.7,2.3,3,2.4,2.2,3.25,2.87,2.3,3.2,2.7,2.38,3.2,2.6,2.37,3.2,2.62
E2,23/10/01,Peterboro,QPR,4,1,H,2,1,H,7427,G. Salisbury,16,12,9,5,0,0,9,6,10,10,1,3,2,1,0,1,20,35,2.15,3.3,2.9,2,3,2.9,2,3.25,3.25,2.05,3.25,3.1,2.1,3.4,2.88,,,
E2,23/10/01,Tranmere,Wigan,1,2,A,0,0,D,9030,A. R. Hall,13,13,6,9,1,0,11,3,17,25,2,2,0,2,0,0,0,20,1.65,3.4,4.65,1.7,3.2,3.7,1.73,3.5,4,1.67,3.4,4.5,1.57,3.6,5,1.66,3.4,4.5
E2,23/10/01,Wrexham,Blackpool,1,1,D,1,0,H,5640,R. J. Harris,8,9,4,6,0,1,10,9,14,17,4,4,1,2,0,0,10,20,2.15,3.3,2.9,2.2,3,2.6,2.37,3.4,2.5,2.2,3.25,2.8,2.38,3.2,2.6,2.1,3.25,3
E2,24/10/01,Port Vale,Cardiff,0,2,A,0,2,A,4552,S. W. Dunn,13,11,4,5,0,1,3,7,12,17,1,1,2,1,0,0,20,10,2.3,3.25,2.67,2.3,3,2.4,2.37,3.2,2.6,2.3,3.25,2.7,2.25,3.25,2.75,2.3,3.3,2.62
E2,24/10/01,Swindon,Cambridge,2,0,H,0,0,D,4882,A. R. Leake,11,7,7,4,0,0,13,3,9,11,1,3,1,0,0,0,10,0,1.65,3.4,4.7,1.6,3.3,4,1.67,3.4,4.5,1.57,3.5,5.2,1.62,3.6,4.5,1.61,3.4,5
E2,27/10/01,Blackpool,Chesterfield,1,0,H,0,0,D,5395,G. B. Frankland,10,11,8,7,1,0,8,8,9,9,2,7,2,3,0,0,20,30,1.8,3.3,3.9,1.75,3.2,3.5,1.73,3.25,4.33,1.75,3.4,4,1.67,3.4,4.5,1.8,3.4,3.75
E2,27/10/01,Bournemouth,Notts County,4,2,H,3,2,H,3209,J. J. Ross,16,6,9,3,0,0,7,5,11,24,6,2,1,7,0,1,10,95,2,3.25,3.25,1.9,3.1,3,1.8,3.4,3.75,2,3.25,3.25,2,3.25,3.25,2,3.25,3.25
E2,27/10/01,Brighton,Colchester,1,0,H,1,0,H,6531,M. D. Messias,15,13,7,6,0,0,7,6,12,13,3,3,1,2,0,0,10,20,1.6,3.5,4.85,1.5,3.5,4.5,1.5,3.6,6,1.62,3.4,5,1.57,3.6,5,1.57,3.6,5
E2,27/10/01,Bury,Peterboro,2,0,H,1,0,H,2784,M. S. Pike,10,10,6,1,0,0,5,5,12,12,5,3,0,2,0,0,0,20,2.8,3.2,2.25,2.8,3,2.1,2.75,3.25,2.2,2.8,3.2,2.25,2.75,3.4,2.2,3.25,3.25,2
E2,27/10/01,Cambridge,Northampton,3,3,D,3,1,H,3682,D. Laws,13,11,7,7,1,0,12,9,12,15,3,2,3,2,0,0,30,20,2.05,3.25,3.15,2.1,3,2.8,2.1,3.2,3,2.1,3.25,3,2.1,3.4,2.88,2.1,3.25,3
E2,27/10/01,Cardiff,Tranmere,1,1,D,1,0,H,15070,A. Bates,9,10,5,1,0,0,7,3,8,13,3,3,0,3,0,0,0,30,2,3.25,3.25,1.85,3.1,3.2,1.8,3.4,3.75,1.91,3.25,3.5,2.1,3.25,3,1.9,3.25,3.5
E2,27/10/01,Huddersfield,Wrexham,5,1,H,1,1,D,9888,A. R. Leake,11,7,7,4,0,0,6,4,14,12,5,0,1,2,0,0,10,20,1.65,3.5,4.45,1.6,3.3,4,1.61,3.6,4.5,1.67,3.3,4.75,1.62,3.75,4.33,1.66,3.5,4.33
E2,27/10/01,QPR,Oldham,1,1,D,1,0,H,10556,G. K. Hegley,8,7,4,1,0,0,4,3,18,14,7,11,1,0,0,0,10,0,1.85,3.3,3.7,2,3,2.9,2,3.25,3.25,1.91,3.25,3.5,1.8,3.4,3.75,,,
E2,27/10/01,Reading,Brentford,1,2,A,0,0,D,14680,M. Fletcher,4,15,2,7,0,0,4,6,10,13,1,10,3,4,0,0,30,40,2.25,3.2,2.8,2.2,3,2.6,2.2,3.25,2.87,2.25,3.25,2.75,2.1,3.4,2.88,2.2,3.25,2.8
E2,27/10/01,Stoke,Bristol City,1,0,H,0,0,D,16828,H. M. Webb,13,4,4,0,0,0,12,2,13,13,4,9,1,2,0,1,10,45,2,3.25,3.25,2,3,2.8,1.91,3.4,3.4,2,3.25,3.25,2,3.25,3.25,2,3.25,3.25
E2,27/10/01,Wigan,Port Vale,0,1,A,0,1,A,5634,C. H. Webster,16,8,7,2,0,0,11,5,11,15,2,6,1,0,0,0,10,0,2.1,3.2,3.05,2,3,2.8,1.91,3.4,3.4,2,3.25,3.25,2.2,3.4,2.75,2,3.25,3.25
E2,27/10/01,Wycombe,Swindon,1,1,D,1,1,D,7127,F. G. Stretton,10,9,7,5,0,1,4,6,5,12,0,4,2,3,1,0,45,30,1.85,3.35,3.6,1.9,3.1,3,1.91,3.25,3.5,1.91,3.25,3.5,1.73,3.5,4,1.83,3.3,3.75
E2,03/11/01,Brentford,Blackpool,2,0,H,0,0,D,7605,G. K. Hegley,10,12,5,3,0,1,4,8,9,11,2,6,0,2,0,0,0,20,1.53,3.75,5.1,1.5,3.5,4.5,1.53,3.5,5.5,1.53,3.5,5.5,1.57,3.6,5,1.5,3.75,5.5
E2,03/11/01,Bristol City,Brighton,0,1,A,0,1,A,13955,D. R. Elleray,9,10,7,6,0,0,9,7,12,13,5,7,3,2,1,0,55,20,2.1,3.25,3,2.1,3,2.8,2.1,3.2,3,2.2,3.2,2.88,2.2,3.25,2.8,2.1,3,3.25
E2,03/11/01,Chesterfield,Cambridge,2,0,H,0,0,D,3729,G. Salisbury,12,6,8,2,1,0,13,6,14,12,6,1,0,2,0,0,0,20,1.95,3.25,3.4,2,3,2.9,2.2,3.25,2.87,2,3.25,3.25,2.2,3.25,2.8,1.9,3.25,3.5
E2,03/11/01,Colchester,Bournemouth,1,2,A,1,2,A,4369,M. R. Warren,11,13,3,8,1,1,3,3,9,17,0,0,1,4,0,1,10,65,1.83,3.3,3.75,1.9,3.1,3,2.1,3.2,3,1.75,3.4,4,1.83,3.4,3.6,1.83,3.3,3.75
E2,03/11/01,Northampton,Reading,0,2,A,0,0,D,5162,P. Rejer,11,13,5,6,0,0,5,4,9,11,4,3,1,0,0,0,10,0,2.65,3.3,2.3,2.6,3,2.2,2.75,3.25,2.2,2.75,3.25,2.25,2.62,3.4,2.25,2.75,3.4,2.2
E2,03/11/01,Notts County,QPR,0,2,A,0,0,D,6231,M. S. Pike,14,7,6,3,0,0,1,5,9,8,7,3,0,1,0,0,0,10,2.2,3.25,2.85,2.2,3,2.6,2.4,3.25,2.5,2.25,3.25,2.75,2.25,3.25,2.75,,,
E2,03/11/01,Oldham,Huddersfield,1,1,D,0,1,A,8859,M. L Dean,12,9,4,3,0,0,9,2,17,13,2,8,1,0,0,0,10,0,2.3,3.25,2.7,2.2,3,2.6,2.25,3.25,2.75,2.5,3.2,2.5,2.5,3.2,2.5,2.25,3.25,2.75
E2,03/11/01,Peterboro,Wigan,0,2,A,0,1,A,5405,F. G. Stretton,11,9,7,4,0,0,4,6,9,10,1,3,0,3,0,0,0,30,1.67,3.4,4.5,1.7,3.2,3.7,1.73,3.5,4,1.67,3.4,4.5,1.62,3.6,4.5,1.72,3.5,4
E2,03/11/01,Port Vale,Bury,1,0,H,0,0,D,4688,R. D. Furnandiz,10,8,2,3,0,0,5,8,4,14,5,0,2,5,0,0,20,50,1.63,3.4,4.8,1.6,3.3,4,1.61,3.5,4.5,1.62,3.4,5,1.73,3.25,4.33,1.61,3.4,5
E2,03/11/01,Swindon,Stoke,0,3,A,0,1,A,7981,P. E. Alcock,12,7,2,4,1,0,5,3,11,12,3,2,1,2,0,0,10,20,2.62,3.2,2.37,2.6,3,2.2,2.75,3.2,2.25,2.62,3.2,2.38,2.6,3.2,2.38,2.6,3.2,2.4
E2,03/11/01,Tranmere,Wycombe,1,1,D,1,1,D,8096,M. J. Brandwood,13,5,6,2,1,0,3,3,12,11,2,4,1,4,0,1,10,65,1.95,3.25,3.4,2,3,2.9,2.1,3.25,3,2.1,3.25,3,2.1,3.25,3,1.9,3.25,3.5
E2,04/11/01,Wrexham,Cardiff,1,3,A,1,2,A,5832,S. W. Mathieson,10,8,7,5,0,0,8,4,9,22,3,6,3,5,0,0,30,50,2.6,3.2,2.4,2.4,3,2.3,2.75,3.25,2.25,2.62,3.2,2.38,2.5,3.2,2.5,2.62,3.2,2.37
E2,06/11/01,Blackpool,Stoke,2,2,D,0,0,D,4921,N. S. Barry,11,6,5,3,1,1,8,5,3,7,7,8,2,1,0,0,20,10,2.68,3.25,2.3,2.6,3,2.2,3,3.25,2.1,2.75,3.25,2.25,2.8,3.25,2.2,2.7,3.2,2.3
E2,06/11/01,Reading,Wrexham,2,0,H,0,0,D,8081,R. J. Beeby,12,8,10,3,0,0,5,2,12,7,8,10,1,0,0,0,10,0,1.5,3.65,5.85,1.5,3.5,4.5,1.4,4,6.5,1.44,3.75,6.5,1.5,3.5,6,1.5,3.6,6
E2,07/11/01,Bury,Cardiff,3,0,H,1,0,H,2549,G. B. Frankland,10,10,3,5,0,1,7,4,14,7,5,7,0,2,0,0,0,20,3.15,3.2,2.05,2.9,3,2,3,3.25,2.1,3,3.25,2.1,2.8,3.25,2.2,3.25,3.25,2
E2,09/11/01,Huddersfield,Notts County,2,2,D,1,0,H,10168,K Hill,13,7,7,4,0,0,13,3,9,13,3,1,1,1,0,0,10,10,1.6,3.4,5.1,1.5,3.5,4.5,1.4,4,6.5,1.53,3.4,6,1.57,3.4,5.5,1.57,3.4,5.5
E2,09/11/01,Wigan,Colchester,2,3,A,0,2,A,5735,G. Laws,11,5,8,3,1,0,4,2,19,13,3,6,3,1,0,0,30,10,1.95,3.2,3.45,1.9,3,3.1,1.73,3.5,4,1.83,3.25,3.75,2,3.25,3.25,1.9,3.25,3.5
E2,10/11/01,Blackpool,Swindon,1,0,H,1,0,H,5018,R. Pearson,12,10,7,6,0,0,8,7,14,11,7,7,1,3,0,0,10,30,2,3.2,3.3,1.9,3,3.1,2,3.25,3.25,1.91,3.25,3.5,1.91,3.25,3.5,1.83,3.3,3.75
E2,10/11/01,Bournemouth,Wrexham,3,0,H,2,0,H,5031,D Penton,11,8,6,2,0,1,3,3,8,15,8,3,1,2,0,0,10,20,1.67,3.45,4.4,1.6,3.3,4,1.57,3.6,5,1.62,3.4,5,1.67,3.5,4.33,1.61,3.4,5
E2,10/11/01,Brighton,Port Vale,1,0,H,0,0,D,6648,J. J. Ross,10,10,5,3,1,0,5,2,23,23,2,4,0,3,0,0,0,30,1.52,3.6,5.55,1.5,3.5,4.5,1.53,3.6,5.5,1.44,3.75,6.5,1.5,3.5,6,1.44,3.75,6.5
E2,10/11/01,Cambridge,Oldham,1,1,D,0,1,A,3378,P. Taylor,11,10,6,5,0,0,3,6,16,15,3,0,4,1,0,0,40,10,2.35,3.15,2.7,2.3,3,2.4,2.5,3.2,2.5,2.4,3.2,2.6,2.38,3.2,2.6,2.25,3.25,2.75
E2,10/11/01,Cardiff,Chesterfield,2,1,H,2,1,H,9516,P. Rejer,12,5,7,2,0,1,3,6,10,12,5,7,1,2,0,0,10,20,1.57,3.45,5.3,1.5,3.5,4.5,1.53,3.6,5.5,1.53,3.6,5.5,1.53,3.5,5.5,1.53,3.5,5.5
E2,10/11/01,QPR,Tranmere,1,2,A,0,0,D,9024,P. J. Joslin,10,14,4,7,0,0,3,1,18,15,3,4,1,1,0,0,10,10,1.95,3.25,3.4,1.9,3.1,3,2,3.25,3.25,2,3.2,3.3,1.91,3.25,3.5,,,
E2,10/11/01,Reading,Bristol City,3,2,H,2,1,H,14060,D. J. Gallagher,11,14,6,6,1,0,5,3,11,8,8,4,1,2,0,0,10,20,2,3.2,3.35,1.9,3,3.1,2,3.25,3.25,2,3.25,3.25,1.91,3.4,3.4,1.9,3.25,3.5
E2,10/11/01,Stoke,Brentford,3,2,H,1,1,D,17953,D. Pugh,12,10,6,5,0,0,4,5,16,12,3,3,4,4,0,0,40,40,2.05,3.2,3.2,2,3,2.9,2,3.25,3.25,2,3.25,3.25,2,3.25,3.25,2,3.25,3.25
E2,10/11/01,Wycombe,Peterboro,3,0,H,1,0,H,6025,A. N. Butler,13,5,10,1,0,0,5,6,9,10,2,1,0,2,0,0,0,20,1.95,3.25,3.4,1.8,3.1,3.4,2,3.25,3.25,1.91,3.25,3.5,1.83,3.4,3.6,1.72,3.5,4
E2,11/11/01,Bury,Northampton,2,1,H,0,1,A,3539,T. A. Parkes,6,8,2,2,0,0,7,2,12,17,9,11,1,1,1,1,35,35,2.25,3.2,2.8,2.2,3,2.6,2.2,3.25,2.87,2.2,3.25,2.8,2.1,3.4,2.88,2.2,3.25,2.8
E2,13/11/01,Wigan,Stoke,6,1,H,3,1,H,7047,J. T. Winter,17,9,9,2,0,2,3,5,23,13,5,0,1,1,0,0,10,10,2.95,3.3,2.1,2.9,3,2,3.25,3.25,2,3,3.25,2.1,,,,3,3.3,2.1
E2,20/11/01,Blackpool,Notts County,0,0,D,0,0,D,4118,M. A. Cooper,5,9,2,4,0,1,4,7,16,18,6,5,4,3,1,0,65,30,1.75,3.35,4.05,1.75,3.1,3.6,1.8,3.25,4,1.73,3.25,4.33,1.8,3.25,4,1.72,3.3,4.33
E2,20/11/01,Bournemouth,Port Vale,0,0,D,0,0,D,4428,S. G. Tomlin,11,7,5,2,0,0,6,3,11,19,2,4,2,3,0,0,20,30,1.75,3.4,4,1.7,3.1,3.8,1.73,3.5,4,1.75,3.4,4,1.8,3.4,3.75,1.66,3.4,4.5
E2,20/11/01,Bury,Bristol City,2,2,D,1,1,D,2608,M. L Dean,7,8,4,5,0,0,4,4,16,12,6,8,2,0,0,0,20,0,2.48,3.25,2.48,2.35,3,2.35,2.5,3.2,2.5,2.5,3.2,2.5,2.38,3.4,2.5,2.5,3.2,2.5
E2,20/11/01,Cambridge,Wrexham,0,2,A,0,0,D,2648,S. J. Baines,7,13,2,8,0,0,5,5,12,14,3,2,0,0,0,0,0,0,1.83,3.35,3.7,1.8,3,3.5,1.83,3.25,3.75,1.91,3.25,3.5,2,3.25,3.25,1.83,3.3,3.75
E2,20/11/01,Cardiff,Colchester,1,1,D,1,0,H,8013,C. R. Wilkes,11,4,6,1,0,1,11,1,14,10,3,2,1,3,0,0,10,30,1.62,3.5,4.7,1.6,3.3,4,1.57,3.6,5,1.62,3.4,5,1.62,3.6,4.5,1.66,3.4,4.5
E2,20/11/01,Huddersfield,Brentford,1,1,D,0,0,D,8518,G. Salisbury,11,7,7,1,1,0,4,7,12,10,4,3,1,1,0,0,10,10,2.18,3.25,2.85,2.3,3,2.6,2.25,3.25,2.75,2.25,3.2,2.8,2.25,3.25,2.75,2.25,3.25,2.75
E2,20/11/01,Reading,Tranmere,4,1,H,2,0,H,9007,R. J. Harris,11,5,8,2,0,0,4,6,7,6,5,2,2,2,0,1,20,45,1.7,3.4,4.25,1.75,3.1,3.6,1.73,3.25,4.33,1.7,3.25,4.5,1.73,3.5,4,1.8,3.4,3.75
E2,20/11/01,Wigan,Chesterfield,1,1,D,0,0,D,4071,M. G. Cowburn,13,7,4,4,0,0,4,1,11,9,3,4,1,2,0,0,10,20,1.71,3.45,4.15,1.6,3.3,4,1.61,3.6,4.5,1.7,3.4,4.33,1.83,3.4,3.6,1.66,3.6,4.2
E2,20/11/01,Wycombe,Northampton,2,1,H,1,1,D,5817,G. Edgeley,7,8,4,2,0,1,4,6,7,5,4,2,1,1,0,0,10,10,1.52,3.55,5.6,1.55,3.3,4.5,1.61,3.4,5,1.53,3.4,6,1.53,3.5,5.5,1.57,3.4,5.5
E2,21/11/01,Brighton,Peterboro,1,1,D,1,1,D,6547,R. J. Beeby,14,8,9,5,0,0,7,4,11,17,4,3,1,3,0,0,10,30,1.48,3.6,6.1,1.45,3.5,5,1.5,3.4,6,1.44,3.75,6.5,1.5,3.5,6,1.44,3.75,6.5
E2,21/11/01,QPR,Swindon,4,0,H,3,0,H,8847,R. J. Olivier,7,7,4,2,0,0,2,5,11,11,2,3,2,3,0,0,20,30,1.85,3.3,3.65,1.9,3,3.1,2,3.25,3.25,1.95,3.25,3.4,1.91,3.25,3.5,,,
E2,21/11/01,Stoke,Oldham,0,0,D,0,0,D,11031,G. B. Frankland,9,4,4,2,0,0,8,6,15,9,4,5,1,0,1,0,35,0,1.52,3.55,5.6,1.55,3.3,4.5,1.57,3.6,5,1.53,3.5,5.5,1.53,3.4,6,1.53,3.4,6
E2,24/11/01,Brentford,QPR,0,0,D,0,0,D,10849,M. D. Messias,9,4,2,2,2,0,4,6,18,16,3,2,1,1,0,0,10,10,1.75,3.3,4.15,1.65,3.2,3.9,1.67,3.4,4.5,1.67,3.4,4.5,1.57,3.6,5,,,
E2,24/11/01,Bristol City,Blackpool,2,1,H,1,0,H,9876,K. D. Hill,12,10,6,6,1,0,11,5,18,12,5,7,2,2,0,0,20,20,1.8,3.3,3.9,1.75,3.2,3.5,1.73,3.5,4,1.8,3.25,4,1.8,3.4,3.75,1.8,3.2,4
E2,24/11/01,Chesterfield,Bournemouth,2,1,H,1,1,D,4353,M. S. Pike,10,5,7,2,0,0,1,2,13,8,1,8,3,1,0,0,30,10,2.32,3.2,2.7,2.35,3,2.35,2.62,3.2,2.37,2.38,3.2,2.62,2.38,3.2,2.6,2.37,3.2,2.62
E2,24/11/01,Colchester,Bury,0,1,A,0,0,D,3534,J. J. Ross,20,6,9,2,1,1,15,5,12,19,1,1,1,1,0,0,10,10,1.7,3.4,4.3,1.7,3.2,3.7,1.8,3.25,4,1.73,3.25,4.33,1.73,3.5,4,1.66,3.4,4.5
E2,24/11/01,Northampton,Wigan,0,2,A,0,1,A,4267,C Pinton,10,11,3,4,0,0,9,10,12,16,1,8,1,1,0,0,10,10,2.4,3.1,2.65,2.35,3,2.35,2.5,3.2,2.5,2.38,3.2,2.62,2.25,3.25,2.75,2.3,3.3,2.62
E2,24/11/01,Notts County,Cardiff,0,0,D,0,0,D,6313,H. M. Webb,11,10,3,4,0,0,4,6,11,18,2,2,1,1,0,0,10,10,2.6,3.1,2.45,2.5,2.9,2.3,2.75,3.4,2.2,2.62,3.2,2.38,2.6,3.2,2.38,2.62,3.2,2.37
E2,24/11/01,Oldham,Wycombe,2,0,H,2,0,H,4731,A. Kaye,11,9,5,2,0,0,15,4,16,9,0,5,1,2,0,1,10,45,2.35,3.2,2.65,2.3,2.9,2.5,2.37,3.2,2.62,2.38,3.2,2.62,2.38,3.2,2.6,2.37,3.2,2.62
E2,24/11/01,Peterboro,Reading,1,2,A,1,0,H,5695,P. R. Richards,9,10,4,5,0,0,3,13,14,6,5,5,2,2,1,0,45,20,2.62,3.2,2.35,2.5,2.9,2.3,2.62,3.2,2.37,2.62,3.2,2.38,2.75,3.25,2.25,2.75,3.2,2.25
E2,24/11/01,Port Vale,Huddersfield,1,1,D,0,0,D,5026,M. J. Jones,12,8,2,4,0,0,7,7,9,13,0,4,1,0,0,0,10,0,2.45,3.1,2.6,2.3,2.9,2.5,2.37,3.2,2.62,2.5,3.2,2.5,2.6,3.2,2.38,2.37,3.2,2.62
E2,24/11/01,Swindon,Brighton,1,1,D,0,1,A,8830,E. K. Wolstenholme,15,10,7,2,0,0,3,5,8,14,2,0,3,2,0,0,30,20,2.75,3.25,2.25,2.6,3,2.2,2.75,3.2,2.25,2.8,3.2,2.25,2.75,3.25,2.25,2.8,3.25,2.2
E2,24/11/01,Tranmere,Cambridge,6,1,H,2,0,H,8004,M. Ryan,23,5,13,2,1,0,6,2,10,10,9,2,1,3,0,1,10,55,1.55,3.45,5.5,1.55,3.4,4.3,1.5,3.6,6,1.53,3.5,5.5,1.53,3.5,5.5,1.57,3.4,5.5
E2,24/11/01,Wrexham,Stoke,0,1,A,0,0,D,5477,P. Armstrong,9,7,6,4,0,0,6,2,19,15,8,5,3,5,0,0,30,50,3.15,3.15,2.08,3,3.1,1.9,3.25,3.25,2,3,3.25,2.1,3,3.25,2.1,3.25,3.25,2
E2,27/11/01,Swindon,Wrexham,3,1,H,2,0,H,4127,D. R. Crick,11,11,6,6,0,0,4,6,13,15,10,1,1,1,0,0,10,10,1.75,3.35,4.05,1.75,3.1,3.6,1.73,3.25,4.33,1.8,3.4,3.75,1.73,3.5,4,1.8,3.4,3.75
E2,01/12/01,Bournemouth,Tranmere,0,2,A,0,1,A,6035,P. E. Alcock,5,9,2,7,0,0,5,2,8,12,3,4,0,2,0,0,0,20,2.15,3.2,2.95,2.1,2.9,2.9,2.1,3.25,3,2.2,3.25,2.8,2.2,3.25,2.8,2.1,3.25,3
E2,01/12/01,Bristol City,Notts County,3,2,H,1,0,H,9411,M. Fletcher,16,9,9,7,0,0,7,4,9,14,9,5,2,4,0,0,20,40,1.6,3.4,5.1,1.6,3.2,4.2,1.61,3.6,4.5,1.6,3.4,5,1.62,3.4,5,1.57,3.4,5.5
E2,01/12/01,Bury,Brighton,0,2,A,0,1,A,3782,M. D. Messias,9,7,2,4,1,0,5,5,14,20,2,4,1,1,0,0,10,10,2.9,3.25,2.15,2.7,2.9,2.2,2.75,3.25,2.25,2.8,3.2,2.25,2.75,3.25,2.25,2.8,3.25,2.2
E2,01/12/01,Cardiff,Oldham,3,1,H,1,0,H,10004,R. J. Olivier,9,7,6,4,0,0,7,4,8,11,5,6,0,5,0,0,0,50,1.85,3.2,3.8,1.8,3,3.5,1.8,3.4,3.75,1.73,3.25,4.33,1.73,3.25,4.33,1.8,3.2,4
E2,01/12/01,Huddersfield,Cambridge,2,1,H,0,1,A,9513,R. D. Furnandiz,12,2,7,2,1,0,12,1,6,13,1,1,1,3,0,1,10,55,1.45,3.6,6.7,1.4,3.6,5.5,1.4,3.75,7.5,1.4,3.2,7.5,1.4,4,6.5,1.44,3.6,7
E2,01/12/01,Port Vale,Blackpool,1,1,D,0,1,A,5390,F. G. Stretton,9,14,4,9,0,1,3,7,10,11,2,2,1,0,0,0,10,0,2.1,3.2,3.05,2,3,2.9,2.1,3.25,3,2,3.25,3.25,2.2,3.25,2.8,2,3.25,3.25
E2,01/12/01,QPR,Colchester,2,2,D,1,2,A,11158,P. Armstrong,7,7,4,3,0,1,4,7,11,12,3,1,2,1,0,0,20,10,1.75,3.3,4.15,1.7,3.1,3.8,1.73,3.5,4,1.73,3.3,4.33,1.73,3.5,4,,,
E2,01/12/01,Reading,Chesterfield,0,1,A,0,1,A,11209,A. Bates,15,4,8,2,0,0,8,2,5,12,6,2,0,3,0,0,0,30,1.45,3.6,6.8,1.4,3.6,5.5,1.33,4.33,7.5,1.44,3.6,7,1.4,4,6.5,1.44,3.6,7
E2,01/12/01,Wigan,Swindon,1,0,H,0,0,D,5635,T. A. Parkes,15,2,8,1,1,0,10,3,9,11,2,2,0,1,0,0,0,10,1.81,3.4,3.8,1.8,3.1,3.4,1.67,3.4,4.5,1.83,3.25,3.75,1.83,3.4,3.6,1.83,3.3,3.75
E2,01/12/01,Wrexham,Northampton,3,2,H,1,1,D,2708,H. M. Webb,11,6,8,5,0,0,10,3,9,14,2,6,1,4,0,1,10,65,2,3.2,3.3,1.9,3.1,3,2.1,3.25,3,1.91,3.25,3.5,1.83,3.4,3.6,1.83,3.3,3.75
E2,01/12/01,Wycombe,Brentford,5,3,H,1,2,A,8013,P. Dowd,18,10,12,4,1,0,8,10,18,12,2,5,2,2,0,0,20,20,2.3,3.25,2.7,2.2,2.9,2.7,2.25,3.25,2.75,2.3,3.2,2.7,2.38,3.2,2.6,2.25,3.25,2.75
E2,04/12/01,Cardiff,Brentford,3,1,H,2,0,H,10184,A. R. Hall,15,8,8,3,1,0,7,3,18,14,6,4,2,0,0,1,20,25,,,,,,,,,,,,,,,,,,
E2,09/12/01,Wrexham,Bristol City,0,2,A,0,0,D,3091,C. H. Webster,14,9,11,5,0,0,2,3,13,13,2,7,0,1,0,0,0,10,2.75,3.1,2.32,2.7,2.9,2.2,2.75,3.25,2.25,2.7,3.2,2.3,2.75,3.25,2.25,2.75,3.25,2.25
E2,11/12/01,Wigan,Notts County,1,1,D,1,0,H,3827,G. B. Frankland,10,7,4,3,0,0,5,4,15,15,3,1,2,1,0,0,20,10,1.7,3.35,4.4,1.65,3.1,4,1.5,3.6,6,1.62,3.5,4.75,1.62,3.4,5,1.66,3.4,4.5
E2,15/12/01,Blackpool,Cardiff,1,1,D,0,0,D,4880,M. S. Pike,5,18,2,9,0,2,2,9,13,7,1,3,0,1,0,0,0,10,2.45,3.2,2.55,2.6,3,2.2,2.75,3.25,2.25,2.6,3.2,2.4,2.5,3.2,2.5,2.62,3.2,2.37
E2,15/12/01,Brentford,Wrexham,3,0,H,1,0,H,5326,B. Curson,15,7,8,3,1,0,8,3,10,19,7,6,0,2,0,1,0,45,1.45,3.6,6.7,1.45,3.5,5,1.5,3.6,6,1.44,3.75,6.5,1.53,3.5,5.5,1.44,3.6,7
E2,15/12/01,Cambridge,Bristol City,0,3,A,0,2,A,3516,P. Rejer,6,11,1,5,0,0,3,6,15,14,6,3,0,1,0,0,0,10,3.2,3.2,2.05,2.8,3,2.1,3,3.25,2.1,3,3.25,2.1,2.8,3.25,2.2,2.8,3.25,2.2
E2,15/12/01,Chesterfield,QPR,2,3,A,0,0,D,4611,C. H. Webster,11,11,4,7,0,0,10,6,18,17,6,7,1,1,0,1,10,35,2.45,3.1,2.6,2.3,3,2.4,2.25,3.25,2.75,2.38,3.2,2.62,2.38,3.2,2.6,,,
E2,15/12/01,Colchester,Peterboro,2,1,H,1,1,D,3480,P. Jones,9,6,7,3,0,0,6,4,13,15,2,3,1,2,0,0,10,20,1.95,3.2,3.45,2,3,2.9,2.25,3.25,2.75,2,3.25,3.25,2,3.25,3.25,1.9,3.25,3.5
E2,15/12/01,Northampton,Bournemouth,1,0,H,0,0,D,3909,R. J. Olivier,12,9,7,2,0,0,4,6,8,11,0,1,0,1,0,0,0,10,2.45,3.2,2.55,2.4,3,2.3,2.62,3.2,2.37,2.5,3.2,2.5,2.38,3.4,2.5,2.5,3.2,2.5
E2,15/12/01,Notts County,Bury,1,2,A,0,2,A,4395,A. Kaye,11,11,7,7,1,0,2,2,15,15,5,8,2,2,0,0,20,20,1.95,3.2,3.45,2.1,3,2.8,2.2,3.25,2.87,2,3.25,3.25,2.1,3.25,3,2,3.25,3.25
E2,15/12/01,Oldham,Wigan,1,1,D,0,0,D,6407,U. D. Rennie,8,11,3,8,0,0,1,3,12,15,4,3,1,0,0,0,10,0,2.05,3.15,3.25,2.2,3,2.6,2.2,3.25,2.87,2.1,3.25,3,2.2,3.25,2.8,2.25,3.25,2.75
E2,15/12/01,Stoke,Wycombe,5,1,H,3,1,H,12911,R. J. Beeby,17,8,10,3,0,1,6,2,15,12,3,5,0,1,0,1,0,35,1.75,3.2,4.3,1.7,3.1,3.8,1.73,3.25,4.33,1.73,3.25,4.33,1.67,3.4,4.5,1.72,3.3,4.33
E2,15/12/01,Tranmere,Port Vale,3,1,H,2,1,H,7859,G. B. Frankland,16,10,10,6,2,0,6,3,19,14,2,3,2,1,0,0,20,10,1.7,3.3,4.45,1.6,3.2,4.2,1.61,3.6,4.5,1.62,3.4,5,1.57,3.6,5,1.61,3.4,5
E2,19/12/01,Stoke,Cardiff,1,1,D,0,0,D,14331,A. R. Leake,16,13,10,5,0,1,7,0,13,14,4,5,1,0,0,0,10,0,1.8,3.3,3.9,1.8,3,3.5,1.8,3.25,4,1.8,3.25,4,1.73,3.25,4.33,1.8,3.2,4
E2,21/12/01,Brentford,Northampton,3,0,H,0,0,D,5142,"Hill, K. D.",21,4,7,3,1,0,11,2,11,16,4,4,1,2,0,0,10,20,1.4,3.8,7.2,1.4,3.6,5.5,1.44,4,6,1.4,3.75,7.5,1.4,3.75,7.5,1.4,3.75,7.5
E2,21/12/01,Brighton,Chesterfield,2,2,D,1,0,H,6371,"D'Urso, A. P.",7,7,4,5,0,0,4,6,11,6,1,2,1,4,1,0,35,40,1.42,3.7,7,1.4,3.6,5.5,1.4,3.75,7.5,1.4,3.75,7.5,1.4,3.75,7.5,1.4,3.75,7.5
E2,21/12/01,Notts County,Swindon,3,1,H,2,1,H,4197,"Warren, M. R.",19,9,9,4,0,0,5,7,17,12,6,2,3,3,1,1,55,55,2.25,3.2,2.78,2,3,2.9,2.37,3.4,2.5,2.25,3.25,2.75,2.38,3.2,2.6,2.25,3.25,2.75
E2,21/12/01,Oldham,Port Vale,2,0,H,1,0,H,4317,"Salisbury, G.",13,16,5,3,0,1,8,9,11,10,1,1,2,1,0,0,20,10,1.75,3.3,4.15,1.7,3.1,3.8,1.73,3.25,4.33,1.73,3.25,4.33,1.73,3.25,4.33,1.72,3.3,4.33
E2,22/12/01,Bournemouth,QPR,1,2,A,0,1,A,8147,"Walton, P.",16,8,8,5,0,0,6,2,8,11,2,7,2,3,0,1,20,55,2.38,3.2,2.6,2.25,3.1,2.4,2.37,3.4,2.5,2.5,3.2,2.5,2.5,3.2,2.5,,,
E2,22/12/01,Bristol City,Wrexham,1,0,H,0,0,D,12317,"Jordan, W. M.",7,10,4,5,1,0,7,1,18,16,1,7,1,0,0,0,10,0,1.36,3.85,8.2,1.35,3.6,6.5,1.4,4,6.5,1.36,3.8,8.5,1.4,4,6.5,1.36,3.75,8.5
E2,22/12/01,Bury,Blackpool,1,1,D,0,1,A,4830,"Butler, A. N.",12,5,4,2,0,1,5,1,13,13,4,2,1,2,0,0,10,20,2.25,3.2,2.78,2.2,3,2.6,2.2,3.25,2.87,2.25,3.25,2.75,2.2,3.25,2.8,2.25,3.25,2.75
E2,22/12/01,Colchester,Huddersfield,3,3,D,2,1,H,3543,"Cable, L. E.",15,13,9,7,1,0,3,9,17,14,1,2,2,0,0,1,20,25,2.25,3.2,2.78,2.25,3,2.5,2.5,3.2,2.5,2.25,3.25,2.75,2.38,3.2,2.6,2.25,3.25,2.75
E2,22/12/01,Reading,Wigan,1,1,D,1,0,H,15808,"Tomlin, S. G.",8,8,2,4,0,0,3,4,15,11,5,6,0,2,0,0,0,20,1.68,3.4,4.4,1.6,3.2,4.2,1.61,3.6,4.5,1.67,3.5,4.33,1.62,3.6,4.5,1.66,3.4,4.5
E2,22/12/01,Wycombe,Cambridge,2,0,H,2,0,H,6560,"Curson, B.",8,19,4,4,0,0,4,7,14,10,2,2,0,0,0,0,0,0,1.4,3.8,7.2,1.4,3.6,5.5,1.4,3.75,7.5,1.4,3.75,7.5,1.44,3.75,6.5,1.4,3.75,7.5
E2,26/12/01,Blackpool,Oldham,0,2,A,0,0,D,5772,"Cain, G.",9,13,5,9,0,0,7,5,10,9,3,7,2,0,0,0,20,0,2.08,3.25,3.05,2.2,2.9,2.7,2.37,3.2,2.62,2.1,3.25,3,2.1,3.25,3,2.1,3.25,3
E2,26/12/01,Cambridge,Brentford,2,1,H,0,1,A,3989,"Penton, C.",15,7,10,3,0,0,9,3,16,18,3,2,1,2,0,0,10,20,3.45,3.35,1.9,3.3,3,1.85,3.4,3.4,1.91,3.4,3.4,1.91,3.4,3.4,1.91,3.5,3.4,1.83
E2,26/12/01,Cardiff,Reading,2,2,D,1,0,H,16708,"Gallagher, D. J.",9,9,5,5,0,0,2,5,9,16,1,5,1,2,0,0,10,20,2.1,3.2,3.05,2.1,3,2.8,2.1,3.2,3,2.1,3.25,3,2.2,3.25,2.8,2.1,3.25,3
E2,26/12/01,Huddersfield,Peterboro,3,1,H,1,0,H,11446,"Frankland, G. B.",14,9,9,5,0,0,9,4,13,10,5,3,0,3,0,0,0,30,1.62,3.6,4.5,1.6,3.3,4,1.61,3.6,4.5,1.57,3.6,5,1.57,3.6,5,1.61,3.6,4.5
E2,26/12/01,Northampton,Colchester,2,3,A,1,1,D,4740,"Bates, A.",13,13,8,7,0,0,5,5,10,10,2,4,0,0,0,0,0,0,2.52,3.2,2.45,2.35,3,2.35,2.37,3.4,2.5,2.6,3.2,2.4,2.6,3.2,2.38,2.5,3.2,2.5
E2,26/12/01,Port Vale,Bristol City,1,0,H,0,0,D,5860,"Pearson, R.",8,7,5,0,0,1,7,1,8,16,5,2,1,2,0,0,10,20,2.78,3.25,2.22,2.4,3,2.3,2.62,3.2,2.37,2.8,3.25,2.2,2.8,3.25,2.2,2.8,3.3,2.2
E2,26/12/01,QPR,Brighton,0,0,D,0,0,D,16412,"Knight, B.",11,5,5,3,0,1,3,2,9,15,3,4,1,0,0,0,10,0,2.35,3.25,2.6,2.35,3,2.35,2.5,3.2,2.5,2.5,3.2,2.5,2.38,3.2,2.6,,,
E2,26/12/01,Swindon,Bournemouth,0,0,D,0,0,D,5600,"Taylor, P",10,7,2,0,2,0,3,3,21,11,2,3,5,1,2,1,100,35,1.82,3.35,3.72,1.9,3,3.1,2,3.25,3.25,1.83,3.25,3.75,1.8,3.4,3.6,1.8,3.4,3.75
E2,26/12/01,Tranmere,Stoke,2,2,D,1,1,D,12201,"Fletcher, M.",13,10,6,4,0,0,6,4,15,10,4,4,4,2,0,0,40,20,2.25,3.2,2.78,2.35,3,2.35,2.37,3.2,2.62,2.25,3.25,2.75,2.38,3.2,2.6,2.25,3.25,2.75
E2,26/12/01,Wigan,Bury,1,1,D,0,0,D,6751,"Mathieson, S. W.",11,10,8,3,0,0,4,7,6,7,2,4,0,2,0,0,0,20,1.68,3.4,4.4,1.7,3.1,3.8,1.73,3.25,4.33,1.73,3.4,4.2,1.73,3.5,4,1.66,3.4,4.5
E2,26/12/01,Wrexham,Notts County,2,1,H,1,1,D,3707,"Clattenburg, M.",12,3,8,2,0,0,9,1,18,13,1,4,2,2,0,0,20,20,2.15,3.25,2.9,2.1,3,2.8,2.1,3.25,3,2.2,3.25,2.8,2.2,3.25,2.8,2.2,3.3,2.8
E2,29/12/01,Blackpool,Brighton,2,2,D,0,2,A,5419,"Mathieson, S. W.",15,4,7,2,2,0,8,4,11,13,3,5,2,1,0,0,20,10,2.65,3.3,2.3,2.6,3,2.2,2.75,3.25,2.25,2.7,3.2,2.3,2.6,3.2,2.38,2.62,3.3,2.3
E2,29/12/01,Cambridge,Peterboro,0,0,D,0,0,D,5665,"Dean, M. L",10,15,3,5,0,3,7,7,18,22,2,3,0,2,0,0,0,20,2.52,3.2,2.47,2.35,3,2.35,2.62,3.2,2.37,2.5,3.2,2.5,2.5,3.2,2.5,2.5,3.2,2.5
E2,29/12/01,Cardiff,Bristol City,1,3,A,0,0,D,16149,"Durkin, P. A.",17,7,3,4,1,0,6,4,7,15,7,4,1,1,0,0,10,10,2.15,3.2,2.95,2,3,2.9,2.1,3.25,3,2.05,3.2,3.2,2.1,3.25,3,2.1,3.25,3
E2,29/12/01,Chesterfield,Notts County,2,1,H,1,0,H,5139,"Martin, A. J.",18,8,8,6,1,0,5,6,16,15,9,2,0,0,0,1,0,25,2,3.2,3.3,2,3,2.9,2,3.25,3.25,2,3.25,3.25,2,3.25,3.25,2,3.25,3.25
E2,29/12/01,Huddersfield,Stoke,0,0,D,0,0,D,16041,"Danson, P. S.",12,8,5,3,1,0,6,2,14,14,4,1,0,3,0,0,0,30,2.35,3.2,2.65,2.35,3,2.35,2.5,3.2,2.5,2.4,3.2,2.6,2.5,3.2,2.5,2.37,3.2,2.62
E2,29/12/01,Northampton,Oldham,0,1,A,0,0,D,4760,"Ross, J. J.",14,17,6,8,0,0,6,5,10,12,3,4,1,1,1,0,35,10,2.65,3.2,2.35,2.5,2.9,2.3,2.62,3.2,2.37,2.75,3.25,2.25,2.75,3.4,2.2,2.75,3.25,2.25
E2,29/12/01,Port Vale,Colchester,3,1,H,2,0,H,4444,"Crick, D. R.",15,13,11,6,0,1,4,5,12,13,4,0,1,5,0,0,10,50,2.27,3.25,2.72,2.2,3,2.6,2.2,3.4,2.75,2.25,3.3,2.7,2.25,3.25,2.75,2.3,3.3,2.62
E2,29/12/01,QPR,Wycombe,4,3,H,1,1,D,14834,"Prosser, P. J.",21,7,11,4,0,0,11,7,11,19,2,5,3,1,0,2,30,60,1.95,3.25,3.4,2,3,2.9,2.2,3.25,2.87,2,3.2,3.3,2.1,3.25,3,,,
E2,29/12/01,Swindon,Bury,3,1,H,2,1,H,7624,"Harris, R. J.",11,8,8,2,0,0,7,4,14,18,7,3,1,3,0,1,10,55,1.97,3.3,3.3,2,3,2.9,2,3.25,3.25,2,3.25,3.25,2,3.25,3.25,2,3.25,3.25
E2,29/12/01,Tranmere,Brentford,1,0,H,0,0,D,9389,"Kaye, A.",11,8,5,3,0,0,3,5,16,20,8,4,1,2,0,0,10,20,2,3.25,3.25,2,3,2.9,2.2,3.4,2.75,2.1,3.25,3,2.2,3.25,2.8,1.9,3.25,3.5
E2,29/12/01,Wigan,Bournemouth,0,0,D,0,0,D,5011,"Cooper, M. A.",9,7,4,2,0,1,2,5,11,15,2,2,1,4,0,0,10,40,1.63,3.4,4.8,1.6,3.3,4,1.61,3.6,4.5,1.62,3.4,5,1.67,3.4,4.5,1.61,3.4,5
E2,29/12/01,Wrexham,Reading,0,2,A,0,1,A,3885,"Salisbury, G.",9,5,5,5,0,0,1,5,9,16,3,8,2,2,0,0,20,20,3.35,3.3,1.95,2.9,3,2,2.75,3.4,2.2,3,3.25,2.1,2.88,3.4,2.1,3.25,3.25,2
E2,01/01/02,Reading,Port Vale,2,0,H,0,0,D,10743,"Prosser, P. J.",17,7,10,2,1,0,10,4,15,13,2,3,3,3,0,0,30,30,1.5,3.6,5.8,1.55,3.4,4.3,1.44,3.75,6.5,1.5,3.5,6,1.44,3.75,6.5,1.5,3.5,6
E2,01/01/02,Stoke,Blackpool,2,0,H,1,0,H,16615,"Frankland, G. B.",15,5,9,2,0,0,10,6,9,12,3,5,1,2,0,0,10,20,1.48,3.6,6.15,1.5,3.5,4.5,1.5,3.6,6,1.5,3.5,6,1.5,3.5,6,1.5,3.5,6
E2,05/01/02,Bristol City,Wigan,2,2,D,2,0,H,9991,"Beeby, R. J.",6,23,5,12,0,3,11,7,14,11,2,0,0,3,0,0,0,30,1.6,3.5,4.9,1.65,3.1,4,1.73,3.25,4.33,1.62,3.4,5,1.57,3.6,5,1.61,3.4,5
E2,05/01/02,Colchester,Wrexham,2,1,H,1,1,D,2835,"Hill, K. D.",10,13,6,6,0,0,1,2,13,9,8,3,1,1,0,0,10,10,1.6,3.4,5.1,1.6,3.2,4.2,1.67,3.5,4.33,1.57,3.4,5.5,1.57,3.4,5.5,1.57,3.4,5.5
E2,05/01/02,Reading,QPR,1,0,H,0,0,D,19329,"Jordan, W. M.",19,5,8,2,0,1,10,3,7,12,7,8,1,1,0,0,10,10,1.9,3.3,3.5,1.8,3,3.5,1.8,3.25,4,1.83,3.25,3.8,1.73,3.5,4,,,
E2,08/01/02,Peterboro,Port Vale,3,0,H,1,0,H,3747,"Cable, L. E.",18,6,9,1,0,0,5,0,17,8,2,2,2,4,0,1,20,65,2.15,3.25,2.92,2.1,3,2.8,2.1,3.25,3,2.1,3.4,2.88,2.2,3.25,2.8,2.1,3.4,2.87
E2,12/01/02,Blackpool,Bournemouth,4,3,H,2,2,D,4583,"Laws, G.",13,10,8,6,2,1,10,6,13,13,0,0,2,3,0,0,20,30,1.85,3.3,3.65,1.9,3,3.1,2,3.25,3.25,1.83,3.3,3.75,1.83,3.25,3.75,1.83,3.4,3.6
E2,12/01/02,Cambridge,Notts County,0,2,A,0,0,D,3747,"Hall, A. R.",9,15,3,5,0,1,7,4,16,17,3,3,3,1,0,0,30,10,2.2,3.15,2.9,2.1,2.9,2.9,2.2,3.25,2.87,2.2,3.25,2.8,2.2,3.2,2.88,2.1,3.25,3
E2,12/01/02,Cardiff,Peterboro,0,2,A,0,1,A,11301,"Warren, M. R.",12,6,9,4,0,0,13,1,8,16,3,9,2,3,0,0,20,30,1.52,3.45,6,1.55,3.3,4.5,1.57,3.6,5,1.5,3.5,6,1.44,3.75,6.5,1.53,3.4,6
E2,12/01/02,Chesterfield,Oldham,4,2,H,0,1,A,4716,"Jordan, W. M.",13,5,7,4,0,0,7,3,9,12,4,5,2,3,0,0,20,30,2.5,3.1,2.55,2.35,3,2.35,2.37,3.2,2.62,2.5,3.2,2.5,2.5,3.2,2.5,2.5,3.2,2.5
E2,12/01/02,Huddersfield,Reading,0,1,A,0,0,D,10775,"Wolstenholme, E. K.",8,12,3,4,0,0,1,9,9,15,0,5,0,1,0,0,0,10,2.4,3.1,2.65,2.3,2.9,2.5,2.37,3.2,2.62,2.4,3.2,2.6,2.5,3.2,2.5,2.37,3.2,2.62
E2,12/01/02,Port Vale,Brentford,2,1,H,1,1,D,4588,"Butler, A. N.",12,10,6,7,1,0,5,5,12,10,2,4,2,2,1,0,45,20,2.5,3.1,2.55,2.35,3,2.35,2.25,3.25,2.75,2.5,3.2,2.5,2.6,3.2,2.38,2.5,3.2,2.5
E2,12/01/02,QPR,Bury,3,0,H,1,0,H,10003,"Tomlin, S. G.",12,7,8,4,0,0,2,5,12,9,5,8,3,1,0,1,30,35,1.55,3.5,5.4,1.55,3.3,4.5,1.61,3.6,4.5,1.57,3.4,5.5,1.62,3.4,5,,,
E2,12/01/02,Tranmere,Colchester,0,0,D,0,0,D,8387,"Pike, M. S.",11,10,7,5,0,0,5,8,10,15,2,1,0,1,1,0,25,10,1.67,3.35,4.55,1.65,3.2,3.9,1.67,3.4,4.5,1.62,3.4,5,1.62,3.4,5,1.66,3.5,4.33
E2,12/01/02,Wigan,Brighton,3,0,H,2,0,H,6203,"Walton, P.",16,4,9,2,0,0,9,3,14,8,2,1,3,2,0,0,30,20,2.52,3,2.6,2.35,3,2.35,2.5,3.2,2.5,2.5,3.2,2.5,2.5,3.2,2.5,2.5,3,2.62
E2,12/01/02,Wrexham,Wycombe,0,0,D,0,0,D,2752,"Olivier, R. J.",11,8,8,6,0,0,10,6,13,12,3,4,0,0,0,0,0,0,2.65,3.15,2.37,2.5,2.9,2.3,2.62,3.2,2.37,2.62,3.2,2.38,2.8,3.25,2.2,2.62,3.2,2.37
E2,13/01/02,Northampton,Stoke,1,1,D,0,1,A,5636,"Salisbury, G.",10,13,5,7,0,0,2,9,6,12,8,6,0,1,0,0,0,10,4.05,3.3,1.76,3.8,3.1,1.7,4,3.5,1.73,4,3.25,1.8,3.75,3.4,1.8,4.2,3.4,1.72
E2,13/01/02,Swindon,Bristol City,1,2,A,0,1,A,7273,"Rennie, U. D.",11,8,2,6,0,0,6,5,16,16,7,7,4,0,1,0,65,0,2.75,3.1,2.33,2.4,3,2.3,2.62,3.2,2.37,2.7,3.2,2.3,2.75,3.25,2.25,2.7,3.2,2.3
E2,15/01/02,Bury,Huddersfield,0,0,D,0,0,D,3462,"Curson, B.",8,8,3,4,1,0,6,6,15,14,4,0,3,1,1,0,55,10,2.55,3.25,2.4,2.4,3,2.3,2.62,3.2,2.37,2.62,3.2,2.38,2.6,3.2,2.38,2.6,3.2,2.4
E2,16/01/02,Oldham,Swindon,2,0,H,1,0,H,3970,"Baines, S. J.",12,9,6,4,0,0,7,1,13,9,5,6,0,0,0,0,0,0,1.7,3.4,4.3,1.65,3.2,3.9,1.67,3.4,4.5,1.7,3.4,4.33,1.8,3.4,3.75,1.66,3.4,4.5
E2,19/01/02,Bournemouth,Huddersfield,2,3,A,0,3,A,5307,"Dunn, S. W.",14,9,4,5,1,0,4,3,10,17,2,5,2,5,0,0,20,50,2.5,3.25,2.45,2.35,3,2.35,2.5,3.2,2.5,2.5,3.2,2.5,2.6,3.2,2.38,2.5,3.2,2.5
E2,19/01/02,Brentford,Wigan,0,1,A,0,0,D,5549,"Harris, R. J.",14,12,4,6,0,0,6,9,14,16,3,4,1,0,0,0,10,0,1.9,3.25,3.5,2.1,2.9,2.9,2.2,3.25,2.87,1.83,3.25,3.75,1.91,3.25,3.5,2,3.25,3.25
E2,19/01/02,Brighton,Cambridge,4,3,H,1,1,D,6475,"Prosser, P. J.",13,7,6,3,0,0,4,4,18,23,7,2,2,1,0,1,20,35,1.35,4.05,7.7,1.35,3.8,6.2,1.4,3.75,7.5,1.36,4,7.5,1.36,4,7.5,1.33,4,8.5
E2,19/01/02,Bristol City,Northampton,1,3,A,0,2,A,11733,"Cable, L. E.",10,6,3,4,1,0,13,1,8,20,5,3,1,2,0,0,10,20,1.32,4.3,7.9,1.35,3.8,6.2,1.4,3.75,7.5,1.3,4.33,8.5,1.33,4.33,7.5,1.3,4.33,8.5
E2,19/01/02,Bury,Tranmere,0,1,A,0,1,A,4245,"Richards, P. R.",5,13,1,6,0,0,6,3,14,17,4,1,0,2,1,0,25,20,2.6,3.25,2.35,2.4,3,2.3,2.75,3.25,2.25,2.62,3.2,2.38,2.75,3.25,2.25,2.62,3.2,2.37
E2,19/01/02,Colchester,Chesterfield,1,2,A,0,1,A,4060,"Danson, P. S.",9,6,5,3,0,0,8,3,12,15,3,4,3,2,1,0,55,20,1.65,3.45,4.55,1.75,3.1,3.6,1.8,3.4,3.75,1.75,3.2,4.33,1.8,3.25,4,1.72,3.3,4.33
E2,19/01/02,Notts County,Port Vale,1,3,A,0,2,A,6006,"Rejer, P.",15,15,8,6,0,0,8,9,16,14,0,2,0,1,0,0,0,10,2.05,3.15,3.2,2,2.9,3,2.1,3.25,3,2.1,3.25,3,2.25,3.25,2.75,2,3.25,3.25
E2,19/01/02,Oldham,Wrexham,3,1,H,1,1,D,5451,"Cowburn, M. G.",14,14,6,7,0,1,4,2,13,11,7,1,0,2,0,1,0,45,1.5,3.55,5.95,1.5,3.4,4.7,1.53,3.6,5.5,1.53,3.5,5.5,1.53,3.5,5.5,1.53,3.4,6
E2,19/01/02,Peterboro,Swindon,1,1,D,0,1,A,6598,"Webster, C. H.",15,9,5,3,4,1,12,0,13,13,2,8,0,3,0,0,0,30,1.75,3.35,4.05,1.75,3.1,3.6,1.8,3.4,3.75,1.8,3.4,3.75,1.83,3.25,3.75,1.8,3.4,3.75
E2,19/01/02,Reading,Blackpool,3,0,H,2,0,H,13732,"Warren, M. R.",18,8,6,2,1,0,5,1,11,9,5,4,1,2,0,0,10,20,1.4,3.8,7.15,1.4,3.6,5.5,1.44,3.75,6.5,1.44,3.6,7,1.44,3.75,6.5,1.44,3.6,7
E2,19/01/02,Stoke,QPR,0,1,A,0,0,D,16725,"Ryan, M.",11,13,5,8,0,1,7,3,8,13,2,14,2,0,0,0,20,0,1.75,3.2,4.3,1.7,3.1,3.8,1.73,3.2,4.33,1.75,3.2,4.33,1.73,3.25,4.33,,,
E2,19/01/02,Wycombe,Cardiff,0,1,A,0,0,D,7165,"Ross, J. J.",15,14,3,5,1,0,1,9,9,7,1,1,1,0,0,0,10,0,2,3.2,3.3,2.1,2.9,2.9,2.2,3.25,2.87,2.2,3.2,2.88,2.2,3.25,2.8,2.1,3.25,3
E2,21/01/02,Chesterfield,Brighton,1,2,A,0,0,D,4689,"Messias, M. D.",4,7,1,5,0,0,6,5,9,16,3,4,2,2,0,0,20,20,2.55,3.1,2.5,,,,2.37,3.2,2.62,2.5,3.2,2.5,2.5,3.2,2.5,2.5,3.2,2.5
E2,22/01/02,Cambridge,Wycombe,2,0,H,1,0,H,2623,"Winter, J. T.",10,8,5,4,0,0,2,5,17,21,3,3,1,2,1,0,35,20,2.65,3.2,2.35,2.5,2.9,2.3,2.75,3.25,2.25,2.7,3.2,2.3,2.62,3.4,2.25,2.5,3.2,2.5
E2,22/01/02,Cardiff,Stoke,2,0,H,1,0,H,11771,"Rennie, U. D.",7,10,3,2,0,0,5,1,14,15,3,0,2,1,0,0,20,10,2.27,3.2,2.75,2.2,2.9,2.7,2.2,3.25,2.87,2.25,3.25,2.75,2.25,3.25,2.75,2.25,3.25,2.75
E2,22/01/02,Huddersfield,Colchester,2,1,H,2,0,H,7179,"Cooper, M. A.",7,6,4,4,0,0,4,1,10,15,6,2,0,1,0,0,0,10,1.68,3.4,4.45,1.6,3.2,4.2,1.57,3.6,5,1.7,3.25,4.5,1.67,3.4,4.5,1.72,3.3,4.33
E2,22/01/02,Northampton,Brentford,1,0,H,0,0,D,4184,"Joslin, P. J.",4,9,2,1,0,1,4,3,16,18,2,4,2,3,1,0,45,30,2.45,3.25,2.5,2.35,3,2.35,2.5,3.4,2.37,2.5,3.4,2.38,2.5,3.4,2.38,2.37,3.2,2.62
E2,22/01/02,Port Vale,Oldham,3,2,H,2,0,H,4408,"Clattenburg, M.",11,14,8,8,0,1,3,9,8,13,1,2,1,1,0,0,10,10,2.2,3.25,2.82,2.2,2.9,2.7,2.2,3.25,2.87,2.25,3.25,2.75,2.25,3.25,2.75,2.2,3.3,2.8
E2,22/01/02,QPR,Bournemouth,1,1,D,1,0,H,10901,"Bates, A.",8,7,2,3,0,0,1,5,9,10,3,4,1,1,0,1,10,35,1.45,3.7,6.4,1.5,3.4,4.7,1.5,3.6,6,1.5,3.5,6,1.44,3.75,6.5,,,
E2,22/01/02,Swindon,Notts County,1,0,H,0,0,D,3821,"Penton, C.",10,12,3,6,0,0,5,5,13,18,3,9,1,2,0,0,10,20,1.85,3.35,3.6,1.8,3,3.5,1.8,3.4,3.75,1.91,3.25,3.5,1.83,3.4,3.6,1.83,3.3,3.75
E2,22/01/02,Tranmere,Peterboro,1,0,H,1,0,H,7342,"Laws, G.",9,14,4,5,1,0,5,2,22,17,8,0,0,2,0,0,0,20,1.52,3.65,5.5,1.5,3.4,4.7,1.44,3.75,6.5,1.4,4,6.5,1.4,4,6.5,1.4,3.75,7.5
E2,22/01/02,Wigan,Reading,0,2,A,0,2,A,5546,"Pike, M. S.",6,11,4,6,0,0,5,8,12,8,1,4,1,1,0,0,10,10,2.45,3.25,2.5,2.35,3,2.35,2.5,3.2,2.5,2.5,3.2,2.5,2.5,3.2,2.5,2.37,3.2,2.62
E2,24/01/02,Brentford,Brighton,4,0,H,2,0,H,7475,"Parkes, T. A.",17,9,8,1,0,0,10,3,15,10,3,5,1,0,0,0,10,0,2.25,3.25,2.75,,,,2.37,3.2,2.62,2.38,3.2,2.62,2.38,3.2,2.6,2.37,3.2,2.62
E2,26/01/02,Blackpool,Bury,0,1,A,0,1,A,4923,"Pike, M. S.",14,8,11,3,0,0,13,5,6,11,4,5,1,1,0,0,10,10,1.8,3.25,4,1.7,3.2,3.7,1.67,3.4,4.5,1.8,3.25,4,1.8,3.25,4,1.8,3.4,3.75
E2,26/01/02,Huddersfield,QPR,1,0,H,1,0,H,9433,"Fletcher, M.",11,5,7,3,0,0,1,5,15,17,5,4,3,1,0,0,30,10,2.25,3.15,2.85,2.2,2.9,2.7,2.2,3.25,2.87,2.25,3.2,2.8,2.375,3.2,2.625,,,
E2,26/01/02,Oldham,Bournemouth,3,3,D,1,0,H,4853,"Danson, P. S.",15,8,9,5,0,0,10,4,14,17,1,3,1,3,0,0,10,30,1.6,3.4,5.2,1.5,3.4,4.7,1.53,3.6,5.5,1.533,3.5,5.5,1.5,3.5,6,1.53,3.4,6
E2,26/01/02,Reading,Colchester,3,0,H,1,0,H,12743,"Taylor, P.",23,8,11,4,1,0,6,1,14,9,2,0,2,1,0,0,20,10,1.53,3.5,5.75,1.45,3.5,5,1.4,4,6.5,1.444,3.75,6.5,1.444,3.75,6.5,1.5,3.5,6
E2,26/01/02,Stoke,Wigan,2,2,D,1,2,A,13361,"Rejer, P.",12,6,6,4,0,0,7,2,12,14,1,6,0,0,0,0,0,0,1.9,3.2,3.65,2,2.9,3,2,3.25,3.25,1.909,3.25,3.5,1.833,3.4,3.6,2,3.25,3.25
E2,26/01/02,Wrexham,Swindon,2,2,D,1,0,H,2879,"Cain, G.",10,5,6,3,1,0,11,8,7,6,2,4,1,1,0,0,10,10,2.25,3.15,2.82,2.2,2.9,2.7,2.5,3.2,2.5,2.25,3.25,2.75,2.25,3.25,2.75,2.1,3.25,3
E2,26/01/02,Wycombe,Notts County,3,0,H,1,0,H,5574,"Foy, C. J.",12,16,4,3,0,0,8,5,10,8,3,3,1,1,0,0,10,10,1.65,3.35,4.7,1.6,3.2,4.2,1.57,3.6,5,1.667,3.4,4.5,1.571,3.4,5.5,1.61,3.4,5
E2,29/01/02,Bury,Wrexham,2,2,D,1,2,A,2735,"Brandwood, M. J.",14,8,8,4,0,0,6,6,10,16,3,10,1,1,0,0,10,10,1.81,3.3,3.85,1.8,3,3.5,1.8,3.25,4,1.833,3.25,3.75,1.8,3.25,4,1.8,3.4,3.75
E2,29/01/02,Notts County,Northampton,0,3,A,0,1,A,4182,"Campbell, J",9,8,6,4,1,0,7,5,19,14,2,4,6,1,1,0,85,10,2.05,3.3,3.15,2.1,2.9,2.9,2.2,3.4,2.75,2.1,3.25,3,2.25,3.4,2.625,2.1,3.25,3
E2,29/01/02,Peterboro,Stoke,1,2,A,1,1,D,5173,"Taylor, P.",22,12,11,6,2,0,1,6,8,21,7,7,1,5,0,0,10,50,2.65,3.2,2.35,2.5,2.9,2.3,2.62,3.2,2.37,2.625,3.2,2.375,2.375,3.4,2.5,2.7,3.2,2.3
E2,30/01/02,Colchester,Swindon,1,3,A,1,0,H,3132,"Jordan, W. M.",14,13,8,8,0,0,9,5,15,12,0,3,1,1,0,0,10,10,1.85,3.3,3.7,1.9,3,3.1,2.1,3.25,3,1.909,3.25,3.5,1.8,3.25,4,1.83,3.3,3.75
E2,31/01/02,Brighton,Cardiff,1,0,H,1,0,H,6117,"Cable, L. E.",6,10,3,5,0,0,2,8,19,14,1,2,3,3,0,1,30,55,1.9,3.25,3.6,2,2.9,3,2.1,3.25,3,1.95,3.3,3.4,1.909,3.4,3.4,2,3.25,3.25
E2,02/02/02,Bournemouth,Stoke,3,1,H,2,0,H,6027,"Bennett, S. G.",11,11,6,8,0,0,1,7,8,17,5,3,4,4,0,0,40,40,2.72,3.3,2.25,2.9,2.9,2.1,2.75,3.25,2.25,2.8,3.25,2.2,2.8,3.25,2.2,3,3.25,2.1
E2,02/02/02,Bristol City,Huddersfield,1,1,D,0,0,D,10643,"Leake, A. R.",7,8,5,6,1,0,8,6,11,14,4,3,0,2,0,0,0,20,1.85,3.3,3.65,1.85,3,3.3,1.91,3.25,3.5,1.833,3.4,3.6,1.909,3.4,3.4,1.83,3.3,3.75
E2,02/02/02,Bury,Reading,1,1,D,1,0,H,3667,"Jones, M. J.",5,10,2,5,0,0,3,6,16,15,6,6,1,2,0,0,10,20,3.65,3.3,1.85,3.4,3.1,1.8,3.75,3.4,1.8,4,3.25,1.8,4.333,3.25,1.727,3.75,3.3,1.83
E2,02/02/02,Colchester,Brentford,1,1,D,0,1,A,3657,"Fletcher, M.",14,14,6,6,0,2,7,6,7,9,2,1,3,2,0,0,30,20,2.2,3.25,2.82,2.3,3,2.4,2.37,3.2,2.62,2.25,3.25,2.75,2.375,3.2,2.6,2.37,3.2,2.62
E2,02/02/02,Notts County,Oldham,0,2,A,0,0,D,4555,"Parkes, T. A.",12,9,4,3,0,0,4,3,22,13,3,4,1,1,0,0,10,10,2.58,3.2,2.4,2.35,3,2.35,2.62,3.2,2.37,2.7,3.25,2.3,2.625,3.4,2.25,2.75,3.25,2.25
E2,02/02/02,Peterboro,Wrexham,2,3,A,1,1,D,4675,"Ross, J. J.",21,14,8,8,1,0,6,7,9,14,4,5,1,3,0,0,10,30,1.6,3.45,4.95,1.6,3.2,4.2,1.57,3.6,5,1.615,3.4,5,1.571,3.4,5.5,1.66,3.4,4.5
E2,02/02/02,Port Vale,Wycombe,1,1,D,1,0,H,4737,"Pike, M. S.",16,11,11,6,0,0,11,2,6,11,3,2,2,1,0,0,20,10,1.92,3.25,3.48,2,2,3,2.1,3.25,3,1.909,3.25,3.5,2.1,3.25,3,1.9,3.25,3.5
E2,02/02/02,QPR,Cambridge,0,0,D,0,0,D,18071,"D'Urso, A. P.",7,7,3,4,0,0,13,8,14,8,1,2,2,0,0,0,20,0,1.38,3.9,7.35,1.4,3.6,5.5,1.5,3.6,6,1.4,3.75,7.5,1.444,3.75,6.5,,,
E2,02/02/02,Swindon,Northampton,2,1,H,1,0,H,6585,"Cooper, M. A.",4,12,3,6,0,0,6,5,15,14,7,2,4,2,1,0,65,20,1.78,3.3,3.98,1.8,3.1,3.4,1.83,3.4,3.6,1.833,3.25,3.8,1.833,3.5,3.5,1.83,3.3,3.75
E2,02/02/02,Tranmere,Chesterfield,0,0,D,0,0,D,8477,"Furnandiz, R. D.",15,5,6,1,2,0,11,3,7,12,0,3,3,2,0,0,30,20,1.58,3.35,5.4,1.55,3.3,4.5,1.57,3.6,5,1.571,3.4,5.5,1.533,3.5,5.5,1.57,3.4,5.5
E2,02/02/02,Wigan,Blackpool,0,1,A,0,1,A,7357,"Folkes, G",13,10,5,7,0,0,11,5,11,13,6,2,3,1,0,0,30,10,1.65,3.45,4.52,1.6,3.2,4.2,1.57,3.6,5,1.667,3.4,4.5,1.667,3.4,4.5,1.66,3.4,4.5
E2,05/02/02,Bournemouth,Cardiff,1,3,A,0,2,A,4336,"Crick, D. R.",9,8,4,6,0,0,5,7,14,9,0,7,1,0,0,0,10,0,2.5,3.25,2.45,2.35,3,2.35,2.5,3.2,2.5,2.5,3.2,2.5,2.5,3.2,2.5,2.5,3.2,2.5
E2,05/02/02,Brighton,Tranmere,1,0,H,0,0,D,6279,"Hegley, G. K.",6,10,2,5,0,1,6,5,18,17,2,1,1,2,0,0,10,20,1.85,3.4,3.55,1.85,3,3.3,1.91,3.25,3.5,1.833,3.3,3.75,1.833,3.4,3.6,1.8,3.4,3.75
E2,05/02/02,Bristol City,QPR,2,0,H,2,0,H,11654,"Parkes, T. A.",12,9,7,2,0,0,5,4,11,9,11,8,1,2,0,0,10,20,1.88,3.3,3.55,1.85,3,3.3,1.83,3.25,3.75,1.8,3.25,4,1.833,3.4,3.6,,,
E2,05/02/02,Peterboro,Chesterfield,1,1,D,0,1,A,4401,"Joslin, P. J.",17,7,8,3,0,0,6,4,16,12,4,7,0,1,0,0,0,10,2.06,3.3,3.05,2,2.9,3,2,3.25,3.25,2.1,3.25,3,2.2,3.25,2.8,2.1,3.25,3
E2,05/02/02,Swindon,Huddersfield,0,1,A,0,0,D,5400,"Ross, J. J.",5,14,2,7,0,2,8,7,10,10,1,4,0,1,0,0,0,10,2.45,3.25,2.5,2.35,3,2.35,2.37,3.2,2.62,2.375,3.2,2.625,2.6,3.2,2.375,2.5,3.2,2.5
E2,06/02/02,Stoke,Cambridge,5,0,H,2,0,H,9570,"Olivier, R. J.",16,3,8,0,0,0,7,1,19,11,2,7,2,1,0,0,20,10,1.38,3.75,7.9,1.4,3.6,5.5,1.4,4,7,1.364,3.75,8.5,1.4,4,6.5,1.4,3.6,8
E2,09/02/02,Blackpool,Peterboro,2,2,D,1,1,D,4604,"Baines, S. J.",12,12,4,5,0,0,7,12,4,8,4,3,0,0,0,0,0,0,1.9,3.2,3.6,1.85,3,3.5,1.91,3.25,3.5,1.833,3.3,3.75,1.833,3.25,3.75,1.83,3.3,3.75
E2,09/02/02,Brentford,Bournemouth,1,0,H,0,0,D,6698,"Cable, L. E.",11,10,5,2,0,0,5,5,11,23,3,5,2,3,0,0,20,30,1.6,3.55,4.8,1.55,3.3,4.5,1.67,3.4,4.5,1.533,3.5,5.5,1.571,3.6,5,1.53,3.6,5.5
E2,09/02/02,Cambridge,Colchester,1,2,A,1,0,H,3954,"Alcock, P. E.",4,20,2,10,0,1,4,11,19,18,2,1,2,0,1,0,45,0,2.25,3.3,2.75,2.3,2.9,2.5,2.37,3.2,2.62,2.25,3.25,2.75,2.25,3.25,2.75,2.3,3.3,2.62
E2,09/02/02,Cardiff,Swindon,3,0,H,1,0,H,12045,"Dowd, P.",9,7,5,2,0,0,5,1,14,12,1,4,1,1,0,0,10,10,1.7,3.35,4.35,1.65,3.1,4,1.67,3.4,4.5,1.615,3.4,5,1.571,3.6,5,1.61,3.4,5
E2,09/02/02,Chesterfield,Bury,2,0,H,0,0,D,5132,"Fletcher, M.",10,10,5,6,1,1,4,2,8,14,5,2,1,2,0,0,10,20,1.85,3.2,3.85,1.75,3.1,3.6,1.73,3.25,4.33,1.75,3.4,4,1.8,3.25,4,1.8,3.4,3.75
E2,09/02/02,Huddersfield,Tranmere,2,1,H,0,1,A,15784,"Richards, P. R.",15,7,7,4,0,0,6,7,16,17,3,2,3,3,0,0,30,30,1.98,3.25,3.3,1.9,3,3.1,2,3.25,3.25,1.95,3.25,3.4,2.2,3.25,2.8,1.9,3.25,3.5
E2,09/02/02,Northampton,QPR,2,2,D,0,2,A,6424,"Harris, R. J.",10,14,6,10,0,0,2,7,8,12,5,4,1,1,1,0,35,10,2.65,3.1,2.4,2.35,3,2.35,2.37,3.4,2.5,2.5,3.2,2.5,2.5,3.2,2.5,,,
E2,09/02/02,Oldham,Brighton,2,0,H,1,0,H,6951,"Foy, C. J.",9,11,3,5,0,1,7,1,17,14,2,3,1,1,0,1,10,35,2.3,3.15,2.75,2.35,3,2.35,2.37,3.2,2.62,2.3,3.2,2.7,2.25,3.25,2.75,2.3,3.3,2.62
E2,09/02/02,Reading,Notts County,2,1,H,1,1,D,13564,"Olivier, R. J.",16,9,6,6,2,0,4,1,8,11,3,1,2,2,0,0,20,20,1.33,4.25,7.8,1.3,4,7,1.28,4.5,9,1.3,4.333,8.5,1.25,5,8.5,1.3,4.33,8.5
E2,09/02/02,Wrexham,Wigan,2,0,H,1,0,H,4153,"Butler, A. N.",11,11,8,4,0,1,6,8,10,17,2,5,2,4,0,0,20,40,2.65,3.1,2.4,2.4,3,2.3,2.62,3.2,2.37,2.625,3.2,2.375,2.75,3.25,2.25,2.62,3.3,2.3
E2,09/02/02,Wycombe,Bristol City,2,1,H,0,0,D,7972,"Walton, P.",6,7,2,3,0,0,7,6,8,13,8,2,3,3,0,0,30,30,2.4,3.1,2.65,2.3,2.9,2.5,2.25,3.25,2.75,2.5,3.2,2.5,2.375,3.2,2.6,2.37,3.2,2.62
E2,10/02/02,Stoke,Port Vale,0,1,A,0,1,A,23019,"Laws, D.",8,8,2,4,0,1,7,5,22,2,2,9,2,2,0,0,20,20,1.7,3.3,4.5,1.85,3,3.3,1.91,3.25,3.5,1.75,3.25,4.2,1.833,3.25,3.75,1.83,3,4
E2,11/02/02,Brighton,Reading,3,1,H,0,0,D,6756,"Alcock, P. E.",14,4,7,2,0,0,10,6,8,14,5,6,1,0,0,0,10,0,2.35,3.2,2.65,,,,2.37,3.2,2.62,2.375,3.2,2.625,2.375,3.2,2.6,2.3,3.2,2.7
E2,12/02/02,Brentford,Cardiff,2,1,H,0,1,A,6718,"Bennett, S. G.",15,10,7,8,0,0,11,6,19,13,3,2,2,1,0,0,20,10,2.1,3.25,3,2.2,2.9,2.7,2.25,3.2,2.75,2.1,3.25,3,2.25,3.25,2.75,2.1,3.25,3
E2,12/02/02,Chesterfield,Wycombe,0,1,A,0,0,D,3654,"Laws, G.",12,6,5,4,1,0,7,9,10,10,4,6,0,0,0,0,0,0,2.15,3.25,2.95,2.1,2.9,2.9,2.2,3.25,2.87,2.2,3.2,2.875,2.2,3.2,2.875,2.1,3.25,3
E2,12/02/02,Tranmere,Northampton,2,0,H,0,0,D,7739,"Parkes, T. A.",11,9,6,2,0,0,5,0,13,14,10,3,1,2,0,0,10,20,1.55,3.5,5.5,1.55,3.3,4.5,1.57,3.6,5,1.533,3.4,6,1.571,3.6,5,1.57,3.4,5.5
E2,13/02/02,Cambridge,Port Vale,0,1,A,0,1,A,2379,"Crick, D. R.",8,11,3,7,0,0,8,5,17,13,1,2,1,1,0,0,10,10,2.6,3.3,2.35,2.5,2.9,2.3,2.75,3.25,2.25,2.5,3.2,2.5,2.6,3.2,2.375,2.8,3.3,2.2
E2,14/02/02,Swindon,Reading,0,0,D,0,0,D,,"Knight, B.",13,9,1,3,0,0,9,3,18,10,6,5,2,2,2,1,70,45,3.25,3.25,2,2.9,3,2,2.87,3.25,2.2,3.5,3.25,1.909,3.5,3.25,1.909,3.25,3.25,2
E2,16/02/02,Bournemouth,Wycombe,1,2,A,0,0,D,5807,"Curson, B.",8,9,4,5,0,0,7,1,12,8,2,10,2,1,0,0,20,10,2.35,3.2,2.65,2.35,3,2.35,2.37,3.2,2.62,2.375,3.2,2.625,2.6,3.2,2.375,2.5,3.2,2.5
E2,16/02/02,Brighton,Huddersfield,1,0,H,0,0,D,6744,"Bennett, S. G.",11,9,8,2,0,0,1,2,10,17,3,1,1,1,0,0,10,10,1.92,3.25,3.45,1.9,3,3.1,2,3.25,3.25,1.909,3.25,3.5,,,,1.9,3.25,3.5
E2,16/02/02,Bristol City,Oldham,3,0,H,0,0,D,10849,"Cooper, M. A.",14,8,8,6,0,0,6,5,18,15,3,8,0,6,0,1,0,85,1.9,3.25,3.55,1.85,3,3.3,1.83,3.25,3.75,1.85,3.25,3.75,1.909,3.25,3.5,1.9,3.25,3.5
E2,16/02/02,Bury,Cambridge,2,2,D,1,1,D,3547,"Webster, C. H.",11,9,5,6,0,1,5,7,12,16,4,12,2,3,1,0,45,30,1.65,3.4,4.6,1.65,3.1,4,1.73,3.25,4.33,1.75,3.25,4.2,1.8,3.4,3.75,1.61,3.4,5
E2,16/02/02,Colchester,Blackpool,1,1,D,0,1,A,3553,"Joslin, P. J.",13,13,6,7,0,1,4,5,11,12,3,1,1,3,0,0,10,30,1.96,3.25,3.35,2,2.9,3,1.91,3.4,3.4,2,3.25,3.25,1.909,3.4,3.4,2,3.25,3.25
E2,16/02/02,Notts County,Stoke,0,0,D,0,0,D,7501,"Richards, P. R.",17,16,7,8,1,1,2,11,16,11,3,2,0,0,0,0,0,0,3.48,3.25,1.92,3.3,3,1.85,3.75,3.4,1.8,3.5,3.25,1.909,3.25,3.25,2,3.25,3.25,2
E2,16/02/02,Peterboro,Brentford,1,1,D,0,1,A,5100,"Danson, P. S.",13,9,5,7,0,0,10,6,18,16,5,7,4,1,0,0,40,10,2.4,3.2,2.58,2.3,2.9,2.5,2.25,3.25,2.75,2.5,3.2,2.5,2.5,3.2,2.5,2.5,3.2,2.5
E2,16/02/02,Port Vale,Chesterfield,4,1,H,1,0,H,5529,"Cain, G.",13,9,6,4,0,1,4,3,10,5,3,3,2,1,0,0,20,10,1.8,3.4,3.75,1.7,3.1,3.8,1.8,3.25,4,1.8,3.25,4,1.909,3.4,3.4,1.66,3.4,4.5
E2,16/02/02,QPR,Wrexham,2,1,H,0,1,A,9706,"Rejer, P.",14,2,4,2,0,0,10,1,5,12,2,7,0,1,0,0,0,10,1.65,3.35,4.8,1.6,3.2,4.2,1.61,3.4,5,1.615,3.4,5,1.571,3.6,5,,,
E2,16/02/02,Wigan,Cardiff,4,0,H,2,0,H,5487,"Jordan, W. M.",10,7,6,3,0,0,11,11,20,12,5,2,3,4,0,0,30,40,2.45,3.2,2.52,2.35,3,2.35,2.5,3.2,2.5,2.5,3.2,2.5,2.6,3.2,2.375,2.5,3.2,2.5
E2,19/02/02,Cardiff,Bury,1,0,H,1,0,H,8273,"Prosser, P. J.",12,3,6,3,0,0,10,3,16,12,4,1,2,4,0,0,20,40,1.53,3.5,5.65,1.5,3.4,4.7,1.5,3.6,6,1.533,3.4,6,1.5,3.5,6,1.5,3.5,6
E2,19/02/02,Northampton,Peterboro,2,1,H,2,1,H,6064,"Knight, B.",12,11,9,5,0,0,1,5,17,16,5,4,2,3,0,0,20,30,2.15,3.3,2.9,2.1,2.9,2.9,2.25,3.25,2.75,2.2,3.25,2.8,2.1,3.4,2.875,2,3.25,3.25
E2,19/02/02,Notts County,Wigan,1,3,A,0,1,A,3358,"Danson, P. S.",8,15,3,7,0,0,2,3,17,23,1,2,0,1,1,0,25,10,2.85,3.25,2.2,2.7,2.9,2.2,3,3.25,2.1,2.8,3.2,2.25,,,,2.87,3.2,2.2
E2,19/02/02,Oldham,Tranmere,1,1,D,0,1,A,5998,"Barry, N. S.",10,9,5,5,0,0,9,5,14,16,2,7,2,0,0,0,20,0,2,3.25,3.25,2,2.9,3,2.1,3.25,3,2,3.25,3.25,2.1,3.25,3,1.9,3.25,3.5
E2,19/02/02,Wycombe,Blackpool,1,4,A,0,2,A,5803,"Cable, L. E.",10,13,4,7,0,0,8,5,8,16,7,1,3,4,0,0,30,40,1.65,3.5,4.5,1.65,3.1,4,1.61,3.4,5,1.615,3.4,5,1.571,3.6,5,1.66,3.4,4.5
E2,22/02/02,Tranmere,Swindon,0,0,D,0,0,D,8106,"Salisbury, G.",10,5,5,3,1,0,5,8,15,13,4,4,1,0,0,0,10,0,1.6,3.4,5.05,1.6,3.3,4,1.61,3.4,5,1.571,3.4,5.5,1.533,3.5,5.5,1.57,3.4,5.5
E2,23/02/02,Blackpool,Huddersfield,1,2,A,0,0,D,8981,"Bates, A.",9,8,5,3,1,0,8,4,9,9,0,2,0,0,0,0,0,0,2.52,3.2,2.45,2.35,3,2.35,2.62,3.2,2.37,2.5,3.2,2.5,2.6,3.2,2.375,2.37,3.2,2.62
E2,23/02/02,Brentford,Notts County,2,1,H,0,0,D,5367,"Jones, P.",21,3,8,2,0,0,4,4,10,18,3,2,0,1,0,0,0,10,1.4,3.8,7.2,1.4,3.6,5.5,1.4,3.75,7.5,1.4,3.75,7.5,1.364,4,7.5,1.33,4,8
E2,23/02/02,Brighton,Wrexham,0,0,D,0,0,D,6649,"Cooper, M. A.",5,9,1,5,0,0,2,6,13,14,6,2,0,1,0,0,0,10,1.4,3.75,7.3,1.4,3.6,5.5,1.36,4,7.5,1.4,3.75,7.5,1.364,4.333,6.5,1.44,3.6,7
E2,23/02/02,Bury,Bournemouth,2,1,H,1,1,D,4218,"Stretton, F. G.",14,16,7,11,1,2,7,7,16,8,5,6,1,0,0,0,10,0,2.02,3.2,3.25,2.1,3,2.8,2.2,3.25,2.87,2.2,3.1,3,2.1,3.4,2.875,2,3.25,3.25
E2,23/02/02,Cardiff,Cambridge,2,0,H,1,0,H,10182,"Taylor, P.",11,6,5,0,0,0,5,8,7,15,1,1,3,2,0,0,30,20,1.42,3.75,6.8,1.4,3.6,5.5,1.4,3.75,7.5,1.444,3.6,7,1.444,3.75,6.5,1.4,3.6,8
E2,23/02/02,Chesterfield,Northampton,2,2,D,1,2,A,4186,"Pearson, R.",12,5,6,3,1,0,7,2,7,11,4,2,1,2,0,0,10,20,1.82,3.35,3.72,1.75,3.1,3.6,1.83,3.25,3.75,1.85,3.25,3.75,1.833,3.25,3.75,1.72,3.3,4.33
E2,23/02/02,Colchester,Bristol City,0,0,D,0,0,D,3558,"Butler, A. N.",11,9,4,4,0,0,5,4,8,12,5,1,0,1,0,0,0,10,2.55,3.3,2.38,2.4,3,2.3,2.62,3.2,2.37,2.75,3.25,2.25,2.8,3.25,2.2,2.62,3.2,2.37
E2,23/02/02,Peterboro,Oldham,2,2,D,1,2,A,4308,"Warren, M. R.",16,10,7,4,1,0,10,4,13,13,3,7,2,2,0,0,20,20,2.48,3.2,2.5,2.3,3,2.4,2.37,3.2,2.62,2.5,3.2,2.5,2.375,3.2,2.6,2.4,3.2,2.6
E2,23/02/02,Port Vale,QPR,1,0,H,1,0,H,6228,"Brandwood, M. J.",8,9,4,3,0,0,4,7,7,5,1,0,1,2,0,0,10,20,2.1,3.25,3,1.85,3,3.3,1.91,3.4,3.4,1.909,3.25,3.5,1.833,3.4,3.6,,,
E2,23/02/02,Reading,Stoke,1,0,H,0,0,D,21032,"Dunn, S. W.",25,8,10,5,1,1,9,5,8,13,6,7,0,2,0,1,0,45,1.81,3.25,3.9,1.8,3.1,3.4,1.8,3.25,4,1.8,3.25,4,1.727,3.5,4,1.8,3.4,3.75
E2,23/02/02,Wigan,Wycombe,0,0,D,0,0,D,4743,"Clattenburg, M.",7,7,5,5,0,0,5,6,11,10,2,5,2,2,0,0,20,20,2.18,3.2,2.9,2,3,2.9,2.1,3.25,3,2,3.25,3.25,2.2,3.25,2.8,2.1,3.1,3.2
E2,26/02/02,Bournemouth,Brighton,1,1,D,1,1,D,6337,"Hill, K. D.",7,7,3,1,2,1,7,7,10,9,5,4,3,2,0,0,30,20,2.75,3.2,2.28,2.6,3,2.2,3,3.25,2.1,2.8,3.2,2.25,3,3.25,2.1,2.7,3.2,2.3
E2,26/02/02,Bristol City,Peterboro,1,0,H,1,0,H,8299,"Penton, C.",13,10,8,3,0,0,5,10,15,13,8,7,0,1,0,0,0,10,1.45,3.55,6.9,1.45,3.5,5,1.5,3.6,6,1.444,3.6,7,1.444,3.75,6.5,1.44,3.6,7
E2,26/02/02,Cambridge,Blackpool,0,3,A,0,1,A,2986,"Ross, J. J.",10,14,4,7,1,1,7,3,15,16,4,1,0,1,0,0,0,10,2.48,3.25,2.48,2.35,3,2.35,2.62,3.2,2.37,2.6,3.2,2.4,2.5,3.2,2.5,2.5,3.2,2.5
E2,26/02/02,Northampton,Port Vale,1,0,H,1,0,H,5155,"Mathieson, S. W.",15,5,4,2,1,0,2,2,10,9,2,6,1,2,0,0,10,20,2.65,3.2,2.35,2.35,3,2.35,2.62,3.2,2.37,2.7,3.2,2.3,2.75,3.25,2.25,2.6,3.2,2.4
E2,26/02/02,Notts County,Colchester,1,1,D,0,1,A,3140,"Salisbury, G.",15,13,7,9,1,0,9,8,12,9,3,3,2,1,0,0,20,10,2.4,3.2,2.58,2.35,3,2.35,2.62,3.2,2.37,2.4,3.2,2.6,2.375,3.4,2.5,2.37,3.2,2.62
E2,26/02/02,Oldham,Brentford,3,2,H,1,1,D,4935,"Rejer, P.",13,8,8,4,0,0,6,4,13,8,4,9,2,1,0,0,20,10,1.88,3.4,3.45,1.9,3.1,3,2.2,3.25,2.87,2.2,3.2,2.875,2.2,3.25,2.8,1.83,3.5,3.5
E2,26/02/02,QPR,Wigan,1,1,D,0,0,D,8519,"Curson, B.",10,6,4,4,0,0,18,1,7,11,9,10,0,1,0,0,0,10,2.28,3.1,2.82,2.2,3,2.6,2.2,3.25,2.87,2.2,3.2,2.875,2.1,3.4,2.875,,,
E2,26/02/02,Stoke,Bury,4,0,H,1,0,H,9635,"Walton, P.",16,9,11,4,0,0,8,6,10,8,12,5,0,3,0,0,0,30,1.45,3.55,6.9,1.45,3.5,5,1.5,3.6,6,1.444,3.6,7,1.4,4,6.5,1.44,3.6,7
E2,26/02/02,Swindon,Chesterfield,2,1,H,1,1,D,4580,"Hegley, G. K.",8,8,3,1,1,0,6,11,15,9,4,3,2,1,0,0,20,10,1.92,3.45,3.25,1.9,3.1,3,1.91,3.25,3.5,1.909,3.25,3.5,2,3.25,3.25,1.9,3.5,3.25
E2,26/02/02,Wrexham,Tranmere,1,1,D,0,0,D,5702,"Foy, C. J.",11,6,5,4,1,0,7,5,7,17,0,3,1,1,0,0,10,10,2.4,3.25,2.55,2.35,3,2.35,2.62,3.2,2.37,2.625,3.2,2.375,2.75,3.25,2.25,2.37,3.2,2.62
E2,26/02/02,Wycombe,Reading,0,2,A,0,0,D,9250,"Fernandez, R",6,10,1,5,0,0,8,11,7,10,2,3,1,2,0,0,10,20,2.6,3.25,2.35,2.35,3,2.35,2.5,3.2,2.5,2.7,3.2,2.3,2.75,3.25,2.25,2.62,3.2,2.37
E2,01/03/02,Stoke,Brighton,3,1,H,1,0,H,16092,"Jordan, W. M.",16,9,7,6,1,0,2,6,11,11,2,6,1,4,0,0,10,40,2.05,3.2,3.15,2,3,2.9,2.1,3.2,3,1.909,3.25,3.5,2.1,3.25,3,2,3.25,3.25
E2,02/03/02,Bournemouth,Peterboro,0,2,A,0,1,A,5163,"Rejer, P.",9,9,2,2,1,0,7,3,8,12,7,3,1,1,0,1,10,35,2.15,3.25,2.9,2,3,2.9,2.25,3.25,2.75,2.2,3.25,2.8,2.1,3.4,2.875,2,3.25,3.25
E2,02/03/02,Bristol City,Brentford,0,2,A,0,0,D,11421,"Gallagher, D. J.",9,15,5,6,1,1,6,7,15,13,5,4,1,3,0,0,10,30,1.85,3.25,3.75,1.8,3.1,3.4,1.8,3.4,3.75,1.85,3.25,3.75,1.833,3.25,3.75,1.8,3.4,3.75
E2,02/03/02,Cambridge,Reading,2,2,D,2,0,H,3841,"Laws, G.",10,16,6,7,0,2,2,8,15,18,2,3,2,1,0,0,20,10,4.1,3.35,1.75,3.9,3.2,1.65,4,3.25,1.8,4.5,3.4,1.667,4.5,3.4,1.667,5,3.4,1.61
E2,02/03/02,Huddersfield,Wigan,0,0,D,0,0,D,12844,"Webster, C. H.",7,4,3,2,0,0,5,5,13,13,0,3,1,1,0,0,10,10,1.84,3.4,3.6,1.85,3,3.3,1.8,3.25,4,1.833,3.25,3.8,,,,1.9,3.25,3.5
E2,02/03/02,Northampton,Cardiff,1,2,A,1,2,A,5495,"Bennett, S. G.",17,10,6,4,0,0,2,1,14,12,2,2,2,1,0,0,20,10,2.65,3.2,2.35,2.4,3,2.3,2.62,3.2,2.37,2.75,3.25,2.25,2.75,3.4,2.2,2.62,3.3,2.3
E2,02/03/02,Notts County,Tranmere,3,0,H,3,0,H,4562,"Ryan, M.",20,10,11,3,0,0,2,3,10,20,2,7,2,5,0,1,20,75,2.95,3.2,2.15,2.6,3,2.2,3,3.25,2.1,3,3.25,2.1,3,3.25,2.1,2.87,3.2,2.2
E2,02/03/02,Oldham,Colchester,4,1,H,2,1,H,5457,"Webb, H. M.",9,10,5,5,0,0,5,6,15,12,2,2,0,1,0,0,0,10,1.63,3.4,4.8,1.6,3.3,4,1.61,3.4,5,1.615,3.4,5,1.615,3.6,4.5,1.61,3.4,5
E2,02/03/02,QPR,Blackpool,2,0,H,1,0,H,10203,"Taylor, P.",15,6,11,0,0,0,10,3,15,10,6,3,1,0,0,0,10,0,1.84,3.2,3.85,1.8,3.1,3.4,1.73,3.25,4.33,1.85,3.25,3.75,1.8,3.4,3.75,,,
E2,02/03/02,Swindon,Port Vale,3,0,H,2,0,H,6067,"Jones, M. J.",11,8,3,6,1,0,7,7,12,14,1,1,3,0,0,0,30,0,2.55,3.2,2.45,2.35,3,2.35,2.62,3.2,2.37,2.5,3.2,2.5,2.75,3.25,2.25,2.6,3.2,2.4
E2,02/03/02,Wrexham,Chesterfield,0,1,A,0,1,A,3328,"Olivier, R. J.",12,8,6,5,2,0,4,5,10,8,0,4,0,2,0,0,0,20,2.12,3.2,3,2.1,3,2.8,2.1,3.25,3,2.1,3.25,3,2.2,3.25,2.8,2.1,3.25,3
E2,02/03/02,Wycombe,Bury,0,2,A,0,0,D,6409,"Parkes, T. A.",15,12,5,4,0,1,2,8,16,11,1,6,2,1,0,0,20,10,1.58,3.5,5.1,1.55,3.3,4.5,1.57,3.6,5,1.571,3.4,5.5,1.571,3.6,5,1.53,3.5,5.5
E2,05/03/02,Blackpool,Northampton,1,2,A,0,1,A,4924,"Webb, H. M.",10,6,2,2,0,0,7,6,12,8,6,4,0,1,0,0,0,10,1.8,3.35,3.8,1.8,3.1,3.4,1.8,3.25,4,1.8,3.25,4,1.8,3.25,4,1.8,3.4,3.75
E2,05/03/02,Brentford,Swindon,2,0,H,1,0,H,5644,"Walton, P.",14,10,6,4,0,0,6,6,12,14,4,1,1,0,0,0,10,0,1.55,3.4,5.7,1.55,3.3,4.5,1.57,3.6,5,1.571,3.4,5.5,1.4,4,6.5,1.53,3.4,6
E2,05/03/02,Brighton,Wycombe,4,0,H,1,0,H,6398,"Danson, P. S.",20,11,13,4,1,0,9,4,13,22,2,0,0,3,0,0,0,30,1.6,3.35,5.2,1.55,3.3,4.5,1.57,3.6,5,1.571,3.4,5.5,1.571,3.6,5,1.57,3.4,5.5
E2,05/03/02,Bury,Oldham,1,1,D,1,0,H,7953,"Bates, A.",7,9,5,4,0,0,7,4,19,4,4,3,0,1,0,0,0,10,2.65,3.3,2.3,2.6,3,2.2,2.75,3.2,2.25,2.75,3.25,2.25,2.5,3.2,2.5,2.62,3.3,2.3
E2,05/03/02,Cardiff,QPR,1,1,D,0,1,A,13425,"Cain, G.",7,10,4,4,0,0,4,3,3,16,5,1,0,3,0,1,0,55,1.7,3.35,4.35,1.7,3.1,3.8,1.73,3.25,4.33,1.7,3.25,4.5,1.667,3.5,4.333,1.66,3.4,4.5
E2,05/03/02,Chesterfield,Huddersfield,1,1,D,1,0,H,4740,"Rejer, P.",15,6,9,5,0,0,8,7,13,14,0,2,0,2,0,0,0,20,2.6,3.25,2.35,2.6,3,2.2,2.75,3.25,2.25,2.7,3.2,2.3,2.6,3.2,2.375,2.62,3.3,2.3
E2,05/03/02,Colchester,Stoke,1,3,A,0,2,A,3866,"Crick, D. R.",13,8,6,5,1,0,7,2,9,12,2,4,2,1,0,0,20,10,2.85,3.25,2.2,2.6,3,2.2,3,3.25,2.1,2.875,3.2,2.2,3.25,3.25,2,2.8,3.25,2.2
E2,05/03/02,Peterboro,Notts County,0,1,A,0,1,A,4415,"Pugh, D.",16,5,5,1,1,0,10,2,11,15,3,10,1,2,1,0,35,20,1.7,3.5,4.1,1.75,3.2,3.5,1.73,3.25,4.33,1.727,3.25,4.333,1.667,3.5,4.333,1.72,3.5,4
E2,05/03/02,Port Vale,Wrexham,1,3,A,0,1,A,4436,"Richards, P. R.",9,10,4,8,0,0,7,3,14,7,0,1,1,0,0,0,10,0,1.65,3.4,4.6,1.6,3.2,4.2,1.61,3.4,5,1.615,3.4,5,1.571,3.4,5.5,1.66,3.4,4.5
E2,05/03/02,Reading,Bournemouth,2,2,D,1,0,H,13538,"Beeby, R. J.",19,14,9,6,1,1,11,2,10,9,4,0,0,0,0,0,0,0,1.3,4.35,8.5,1.25,4.3,8,1.28,4.5,9,1.3,4.333,8.5,1.3,4.333,8.5,1.3,4.33,8.5
E2,05/03/02,Tranmere,Bristol City,1,0,H,1,0,H,7735,"Messias, M. D.",11,6,5,3,0,0,8,6,20,9,8,3,0,1,0,0,0,10,2.25,3.25,2.75,2.2,3,2.6,2.2,3.25,2.87,2.3,3.2,2.7,2.375,3.2,2.6,2.25,3.25,2.75
E2,05/03/02,Wigan,Cambridge,4,1,H,1,0,H,3535,"Brandwood, M. J.",11,9,6,3,0,0,3,5,12,10,6,4,0,0,0,0,0,0,1.45,3.6,6.75,1.4,3.6,5.5,1.44,3.75,6.5,1.5,3.5,6,1.5,3.5,6,1.44,3.6,7
E2,09/03/02,Bournemouth,Northampton,5,1,H,1,1,D,6322,"Richards, P. R.",20,6,9,4,0,0,11,2,9,11,4,4,0,3,0,1,0,55,2.15,3.15,3,2.2,3,2.6,2.37,3.2,2.62,2.25,3.25,2.75,2.1,3.4,2.875,2.2,3.25,2.8
E2,09/03/02,Bristol City,Cambridge,2,0,H,2,0,H,9817,"Bates, A.",12,6,7,1,0,0,10,2,10,14,5,5,0,1,0,0,0,10,1.4,3.85,7,1.35,3.9,5.8,1.33,4,9,1.364,4,7.5,1.4,4,6.5,1.4,3.75,7.5
E2,09/03/02,Bury,Notts County,0,4,A,0,3,A,5435,"Clattenburg, M.",9,8,4,4,1,0,13,7,19,17,5,3,2,1,0,0,20,10,1.93,3.2,3.5,1.9,3.1,3,1.8,3.25,4,1.909,3.25,3.5,1.833,3.4,3.6,2.1,3.25,3
E2,09/03/02,Cardiff,Blackpool,2,2,D,1,2,A,11629,"Penton, C.",11,6,8,2,0,0,8,6,9,14,4,2,2,4,0,0,20,40,1.63,3.4,4.8,1.6,3.3,4,1.61,3.4,5,1.615,3.4,4.5,1.571,3.6,5,1.57,3.6,5
E2,09/03/02,Huddersfield,Swindon,2,0,H,1,0,H,9569,"Cowburn, M. G.",13,7,3,1,0,0,8,5,10,13,1,1,2,2,0,0,20,20,1.55,3.55,5,1.6,3.3,4,1.61,3.4,5,1.615,3.4,5,1.533,3.5,5.5,1.57,3.4,5.5
E2,09/03/02,Peterboro,Colchester,3,1,H,2,0,H,4625,"Tomlin, S. G.",17,8,7,2,1,0,11,4,17,7,2,4,1,1,0,0,10,10,2,3.25,3.25,1.9,3.1,3,2,3.25,3.25,2,3.25,3.25,1.909,3.4,3.4,1.9,3.25,3.5
E2,09/03/02,Port Vale,Tranmere,1,1,D,1,1,D,4630,"Webster, C. H.",14,11,6,2,0,0,4,6,14,23,0,1,1,2,0,0,10,20,2.05,3.2,3.2,2,3,2.9,2,3.25,3.25,2.1,3.25,3,2.1,3.25,3,2,3.25,3.25
E2,09/03/02,QPR,Chesterfield,0,0,D,0,0,D,10434,"Parkes, T. A.",16,2,4,0,1,0,10,1,6,4,3,15,0,0,0,0,0,0,1.7,3.3,4.45,1.65,3.2,3.9,1.67,3.4,4.5,1.7,3.25,4.5,1.615,3.6,4.5,1.61,3.3,5
E2,09/03/02,Reading,Brighton,0,0,D,0,0,D,22009,"Dean, M. L",10,9,5,3,0,1,6,7,7,5,7,9,3,2,0,0,30,20,1.87,3.15,3.8,1.75,3.2,3.5,1.73,3.5,4,1.833,3.2,4,1.8,3.25,4,1.8,3.2,4
E2,09/03/02,Wigan,Oldham,1,0,H,0,0,D,7389,"Jones, M. J.",10,6,3,1,0,1,7,7,12,15,1,4,1,2,0,0,10,20,2.25,3.1,2.87,2.1,3,2.8,2.1,3.25,3,2.25,3.2,2.8,2.2,3.25,2.8,2.2,3.25,2.8
E2,09/03/02,Wrexham,Brentford,0,3,A,0,2,A,3343,"Leake, A. R.",13,9,6,6,0,1,8,8,9,8,9,6,0,0,0,0,0,0,2.82,3.15,2.25,2.6,3,2.2,2.87,3.25,2.2,2.75,3.25,2.25,3,3.25,2.1,2.8,3.25,2.2
E2,09/03/02,Wycombe,Stoke,1,0,H,0,0,D,7344,"Knight, B.",15,5,8,2,0,0,8,2,11,14,8,2,3,5,0,0,30,50,2.85,3.2,2.2,2.8,3,2.1,2.62,3.2,2.37,2.7,3.2,2.3,2.8,3.25,2.2,2.87,3.4,2.1
E2,12/03/02,Blackpool,Tranmere,1,1,D,1,0,H,6860,"Leake, A. R.",5,9,3,5,0,0,3,10,9,21,1,4,2,2,0,0,20,20,2.38,3.2,2.6,2.25,3,2.5,2.25,3.25,2.75,2.4,3.2,2.6,2.375,3.2,2.6,2.37,3.2,2.62
E2,12/03/02,Brentford,Chesterfield,0,0,D,0,0,D,5372,"Alcock, P. E.",15,4,6,2,1,0,12,2,14,19,2,1,0,2,0,0,0,20,1.42,3.7,7,1.4,3.6,5.5,1.44,3.75,6.5,1.444,3.6,7,1.364,4,7.5,1.4,3.6,8
E2,12/03/02,Brighton,Northampton,2,0,H,1,0,H,6363,"Crick, D. R.",10,8,4,3,0,1,7,6,9,22,4,2,1,1,0,0,10,10,1.4,3.75,7.35,1.4,3.6,5.5,1.44,3.75,6.5,1.364,3.75,8.5,1.364,4.333,6.5,1.4,3.75,7.5
E2,12/03/02,Wycombe,Huddersfield,2,4,A,0,2,A,5546,"Beeby, R. J.",10,15,6,7,0,1,5,5,13,10,2,1,3,2,0,0,30,20,2.5,3.25,2.45,2.4,3,2.3,2.5,3.2,2.5,2.375,3.2,2.625,2.375,3.2,2.6,2.6,3.2,2.4
E2,16/03/02,Blackpool,Port Vale,4,0,H,0,0,D,7811,"Butler, A. N.",15,13,9,7,0,1,5,7,11,15,3,5,1,2,0,0,10,20,2.3,3.15,2.75,2.2,3.1,2.5,2.2,3.25,2.87,2.3,3.2,2.7,2.2,3.25,2.8,2.2,3.25,2.8
E2,16/03/02,Brentford,Wycombe,1,0,H,1,0,H,7165,"Taylor, P.",13,13,6,3,0,0,11,8,13,14,5,8,1,0,0,0,10,0,1.6,3.45,5,1.55,3.3,4.5,1.61,3.4,5,1.571,3.4,5.5,1.5,3.5,6,1.53,3.4,6
E2,16/03/02,Brighton,Bury,2,1,H,2,0,H,6609,"Ross, J. J.",13,6,10,4,1,0,5,4,13,16,6,3,0,4,0,1,0,65,1.33,4.35,7.4,1.3,4,7,1.33,4,9,1.333,4.2,8,1.3,4.5,8,1.25,4.5,10
E2,16/03/02,Cambridge,Huddersfield,0,1,A,0,0,D,3728,"Tomlin, S. G.",9,6,2,3,0,0,3,3,13,13,0,3,0,1,0,0,0,10,3.5,3.25,1.92,3.1,3.2,1.85,3.5,3.25,1.91,3.25,3.25,2,3.75,3.4,1.8,3.75,3.4,1.8
E2,16/03/02,Chesterfield,Reading,0,2,A,0,2,A,5145,"Hill, K. D.",8,13,3,8,1,0,3,5,12,14,2,2,3,1,0,0,30,10,3.35,3.15,2,2.8,3.1,2,2.87,3.25,2.2,3.25,3.25,2,3.25,3.25,2,3.5,3.25,1.9
E2,16/03/02,Colchester,QPR,3,1,H,1,0,H,4903,"Cable, L. E.",8,12,5,6,0,0,6,3,13,10,10,0,2,1,0,0,20,10,2.65,3.1,2.4,2.4,3,2.3,2.62,3.2,2.37,2.625,3.2,2.375,2.6,3.2,2.375,2.5,3.2,2.5
E2,16/03/02,Northampton,Wrexham,4,1,H,1,1,D,5029,"Styles, R.",11,7,5,4,0,0,3,1,15,17,7,2,2,3,0,2,20,80,1.95,3.2,3.45,1.9,3.2,2.9,1.91,3.25,3.5,2,3.25,3.25,1.909,3.4,3.4,1.9,3.2,3.6
E2,16/03/02,Notts County,Bristol City,2,0,H,1,0,H,7521,"Pike, M. S.",13,13,5,6,0,0,4,6,14,9,9,4,1,1,0,0,10,10,2.68,3.15,2.35,2.4,3,2.3,2.62,3.2,2.37,2.7,3.2,2.3,2.625,3.4,2.25,2.62,3.2,2.37
E2,16/03/02,Oldham,Cardiff,1,7,A,0,5,A,6786,"Webster, C. H.",12,17,5,14,1,1,6,7,9,7,4,4,2,2,1,0,45,20,2.05,3.2,3.2,2.1,3.1,2.7,2.2,3.25,2.87,2.1,3.2,3.1,2.2,3.2,2.875,2.1,3.25,3
E2,16/03/02,Stoke,Peterboro,1,0,H,1,0,H,12983,"Fernandez, R",14,11,7,4,0,0,4,9,4,11,1,3,0,2,0,0,0,20,1.45,3.78,6.15,1.4,3.6,5.5,1.44,3.75,6.5,1.4,4,6.5,1.4,4,6.5,1.44,3.6,7
E2,16/03/02,Swindon,Wigan,1,1,D,0,0,D,6226,"Prosser, P. J.",9,14,6,5,0,1,8,9,14,16,2,2,1,1,0,0,10,10,2.3,3.15,2.75,2.35,3,2.35,2.5,3.2,2.5,2.375,3.2,2.625,2.6,3.2,2.375,2.5,3.2,2.5
E2,16/03/02,Tranmere,Bournemouth,0,0,D,0,0,D,7829,"Cowburn, M. G.",18,11,8,5,1,1,14,4,12,17,1,6,1,1,0,0,10,10,1.6,3.45,5,1.55,3.3,4.5,1.61,3.4,5,1.55,3.5,5.5,1.533,3.5,5.5,1.57,3.4,5.5
E2,19/03/02,Blackpool,Brentford,1,3,A,0,2,A,4865,"Frankland, G. B.",9,14,4,5,0,1,2,3,12,9,4,2,1,0,0,0,10,0,2.7,3.25,2.3,2.6,3,2.2,2.75,3.25,2.25,2.8,3.25,2.2,2.75,3.25,2.25,2.75,3.25,2.25
E2,19/03/02,Bournemouth,Cambridge,2,2,D,1,1,D,7082,"Brandwood, M. J.",20,12,8,7,0,1,7,7,12,11,8,2,3,1,0,0,30,10,1.5,3.7,5.3,1.5,3.5,4.5,1.61,3.6,4.5,1.615,3.4,5,1.533,3.5,5.5,1.57,3.6,5
E2,19/03/02,Chesterfield,Bristol City,2,1,H,1,0,H,3630,"Warren, M. R.",12,9,4,4,0,0,3,10,10,13,7,3,0,0,0,1,0,25,2.63,3.2,2.35,2.5,3,2.25,2.62,3.2,2.37,2.75,3.25,2.25,2.6,3.2,2.375,2.6,3.2,2.4
E2,19/03/02,Peterboro,Tranmere,5,0,H,3,0,H,3995,"Cooper, M. A.",21,8,8,5,0,0,10,3,18,18,1,4,0,3,0,0,0,30,2.36,3.25,2.6,2.25,3,2.5,2.2,3.25,2.87,2.5,3.2,2.5,2.375,3.2,2.6,2.37,3.2,2.62
E2,22/03/02,Cardiff,Wrexham,3,2,H,2,1,H,15702,"Walton, P.",10,5,5,4,1,0,7,6,14,9,3,2,0,4,0,0,0,40,1.44,3.65,6.9,1.45,3.6,4.8,1.5,3.6,6,1.444,3.75,6.5,1.4,4,6.5,1.44,3.6,7
E2,23/03/02,Bournemouth,Bristol City,1,3,A,0,2,A,7033,"Knight, B.",15,13,5,6,1,0,10,9,6,11,1,1,1,3,0,0,10,30,2.55,3.2,2.42,2.4,3,2.3,2.37,3.2,2.62,2.625,3.2,2.375,2.5,3.4,2.375,2.6,3.2,2.4
E2,23/03/02,Brighton,Notts County,2,2,D,1,0,H,6538,"Curson, B.",14,5,6,2,1,0,3,1,10,20,2,2,1,4,0,0,10,40,1.48,3.7,6,1.45,3.6,4.8,1.5,3.6,6,1.444,3.75,6.5,1.4,4,6.5,1.44,3.6,7
E2,23/03/02,Bury,Port Vale,1,1,D,0,0,D,3700,"Beeby, R. J.",13,6,7,2,0,0,5,1,23,16,3,1,0,4,0,1,0,65,2.4,3.3,2.5,2.1,3,2.8,2.5,3.2,2.5,2.375,3.25,2.6,2.375,3.2,2.6,2.25,3.25,2.75
E2,23/03/02,Huddersfield,Northampton,2,0,H,2,0,H,10783,"Olivier, R. J.",9,4,2,3,0,0,6,3,12,8,6,2,0,1,0,0,0,10,1.46,3.65,6.35,1.4,3.6,5.5,1.44,3.75,6.5,1.5,3.5,6,1.4,4,6.5,1.44,3.75,6.5
E2,23/03/02,QPR,Peterboro,1,0,H,1,0,H,10324,"Webb, H. M.",9,7,4,1,0,1,2,9,14,10,3,11,1,0,0,0,10,0,1.7,3.3,4.45,1.75,3.2,3.5,1.73,3.25,4.33,1.727,3.25,4.333,1.667,3.4,4.5,1.8,3.25,4
E2,23/03/02,Reading,Oldham,2,2,D,2,1,H,15191,"Penton, C.",11,18,4,7,1,0,7,6,13,14,5,3,0,3,0,0,0,30,1.5,3.5,6.2,1.5,3.5,4.5,1.5,3.6,6,1.5,3.6,6,1.444,3.75,6.5,1.53,3.5,5.5
E2,23/03/02,Stoke,Chesterfield,1,0,H,1,0,H,14841,"Pike, M. S.",10,11,6,4,1,0,6,7,8,12,2,2,0,0,0,0,0,0,1.44,3.65,6.8,1.5,3.5,4.5,1.5,3.6,6,1.444,3.75,6.5,1.4,4,6.5,1.5,3.5,6
E2,23/03/02,Wigan,Tranmere,1,2,A,1,1,D,7783,"Riley, M. A.",12,10,8,6,0,0,7,9,11,18,2,2,1,1,1,0,35,10,1.9,3.2,3.45,1.85,3.2,3.1,1.8,3.25,4,1.909,3.25,3.5,1.909,3.4,3.4,1.8,3.25,4
E2,23/03/02,Wycombe,Colchester,0,0,D,0,0,D,6737,"Mathieson, S. W.",12,6,4,3,0,0,5,8,15,14,1,4,1,2,0,0,10,20,1.77,3.3,4,1.75,3.2,3.5,1.8,3.25,4,1.75,3.25,4.2,1.8,3.4,3.75,1.72,3.25,4.33
E2,29/03/02,Northampton,Bury,1,0,H,0,0,D,6522,"Messias, M. D.",12,8,5,0,0,1,5,6,17,14,0,0,2,2,0,0,20,20,1.85,3.3,3.7,1.75,3.1,3.6,1.73,3.25,4.33,1.8,3.25,4,1.909,3.25,3.5,1.72,3.4,4.2
E2,30/03/02,Brentford,Stoke,1,0,H,0,0,D,8837,"Butler, A. N.",7,13,4,7,0,0,5,5,12,22,2,1,3,3,0,1,30,55,2,3.2,3.3,2,3,2.9,2,3.25,3.25,2,3.25,3.25,2,3.25,3.25,2,3.25,3.25
E2,30/03/02,Bristol City,Reading,3,3,D,2,3,A,15609,"Hall, A. R.",8,13,3,6,0,0,4,5,12,15,3,2,2,3,0,0,20,30,2.5,3.15,2.5,2.35,3,2.35,2.62,3.2,2.37,2.6,3.2,2.4,2.5,3.2,2.5,2.6,3.2,2.4
E2,30/03/02,Chesterfield,Cardiff,0,2,A,0,2,A,5442,"Clattenburg, M.",9,13,5,8,0,1,6,7,10,15,3,1,3,2,0,0,30,20,2.95,3.2,2.15,2.9,3,2,2.87,3.25,2.2,2.875,3.2,2.2,2.75,3.25,2.25,2.8,3.25,2.2
E2,30/03/02,Colchester,Brighton,1,4,A,0,3,A,4881,"Jones, P.",7,12,4,8,0,0,3,1,9,11,3,2,1,3,0,0,10,30,3,3.25,2.1,2.8,3,2.1,2.87,3.25,2.2,3.25,3.25,2,3.4,3.4,1.909,2.8,3.25,2.2
E2,30/03/02,Notts County,Bournemouth,2,0,H,1,0,H,9014,"Jordan, W. M.",18,5,13,0,0,0,9,1,11,20,4,3,2,5,0,0,20,50,1.75,3.3,4.15,1.75,2.9,3.8,1.73,3.25,4.33,1.727,3.25,4.333,1.8,3.25,4,1.8,3.2,4
E2,30/03/02,Oldham,Cambridge,2,2,D,1,1,D,4957,"Ryan, M.",12,13,6,4,0,0,6,8,10,8,4,3,4,0,1,0,65,0,1.4,3.8,7.2,1.35,3.8,6.2,1.44,3.75,6.5,1.364,3.75,8.5,1.364,4.333,6.5,1.36,3.75,8.5
E2,30/03/02,Peterboro,Wycombe,2,1,H,1,0,H,4926,"Hegley, G. K.",12,15,8,6,1,0,7,3,16,11,2,4,1,2,0,0,10,20,2.15,3.15,3,2,2.8,3.1,2,3.25,3.25,2.1,3.25,3,2.2,3.25,2.8,2.2,3.25,2.8
E2,30/03/02,Port Vale,Wigan,1,0,H,1,0,H,4359,"Alcock, P. E.",2,9,1,5,0,0,3,4,6,11,1,2,0,0,0,0,0,0,2.3,3.15,2.75,2.3,2.9,2.5,2.5,3.2,2.5,2.3,3.2,2.7,2.25,3.25,2.75,2.37,3.2,2.62
E2,30/03/02,Swindon,Blackpool,1,0,H,0,0,D,5085,"Parkes, T. A.",12,8,6,4,0,2,13,4,11,14,3,1,0,4,0,0,0,40,2.1,3.15,3.1,2,2.9,3,2.1,3.25,3,2,3.25,3.25,2,3.25,3.25,1.9,3.25,3.5
E2,30/03/02,Tranmere,QPR,2,3,A,0,1,A,8619,"Stretton, F. G.",17,20,8,12,1,0,3,4,15,9,9,5,1,0,0,0,10,0,1.95,3.25,3.4,1.9,3,3.1,2,3.25,3.25,1.85,3.25,3.75,2,3.25,3.25,1.8,3.4,3.75
E2,30/03/02,Wrexham,Huddersfield,1,1,D,0,0,D,4448,"Salisbury, G.",13,10,7,5,0,1,6,1,14,13,0,2,3,2,0,0,30,20,3.4,3.25,1.95,3.2,3.1,1.85,3.75,3.4,1.8,3.5,3.25,1.909,3.4,3.4,1.909,3.5,3.25,1.9
E2,01/04/02,Blackpool,Wrexham,3,0,H,1,0,H,7066,"Pearson, R.",9,6,5,2,0,0,6,1,8,7,6,5,2,0,0,0,20,0,1.82,3.45,3.6,1.9,3,3.1,1.67,3.6,4,1.75,3.4,4,1.667,3.5,4.333,1.8,3.4,3.75
E2,01/04/02,Brighton,Bristol City,2,1,H,1,0,H,6759,"Fletcher, M.",11,16,8,12,0,0,0,6,11,16,5,2,0,1,0,0,0,10,1.72,3.45,4.05,1.7,3.2,3.7,1.73,3.5,4,1.7,3.25,4.5,1.8,3.4,3.75,1.72,3.4,4.2
E2,01/04/02,Bury,Brentford,2,0,H,0,0,D,4332,"Kaye, A.",7,4,6,2,0,0,3,4,22,11,2,5,1,1,0,0,10,10,3.42,3.35,1.9,3,3.1,1.9,3.75,3.4,1.8,3.5,3.3,1.909,3.6,3.4,1.833,3.5,3.3,1.9
E2,01/04/02,Cardiff,Port Vale,1,0,H,0,0,D,15556,"Probert, L",13,8,6,3,0,0,9,7,14,9,4,3,0,1,0,0,0,10,1.48,3.6,6.1,1.45,3.6,4.8,1.5,3.6,6,1.5,3.5,6,1.5,3.75,5.5,1.44,3.75,6.5
E2,01/04/02,Huddersfield,Oldham,0,0,D,0,0,D,14343,"Messias, M. D.",6,8,1,1,1,1,4,4,15,16,5,0,1,1,1,0,35,10,1.65,3.45,4.5,1.65,3.2,3.9,1.57,3.6,5,1.615,3.4,5,1.727,3.25,4.333,1.66,3.4,4.5
E2,01/04/02,QPR,Notts County,3,2,H,1,2,A,10966,"Hill, K. D.",25,7,7,3,1,1,9,3,11,12,0,5,0,3,0,0,0,30,1.78,3.45,3.75,1.8,3.1,3.4,1.83,3.4,3.6,1.833,3.25,3.8,,,,1.9,3.5,3.25
E2,01/04/02,Reading,Northampton,0,0,D,0,0,D,16495,"Jordan, W. M.",16,3,6,0,1,0,6,1,9,7,2,2,2,1,0,0,20,10,1.35,4.1,7.55,1.35,3.9,5.8,1.4,3.75,7.5,1.364,4,7.5,1.364,4.333,6.5,1.36,3.75,8.5
E2,01/04/02,Stoke,Swindon,2,0,H,0,0,D,13530,"Frankland, G. B.",13,3,7,1,1,0,7,5,19,14,2,1,0,0,0,0,0,0,1.38,4,7,1.4,3.7,5.3,1.5,3.6,6,1.364,4,7.5,1.364,4.333,6.5,1.44,3.75,6.5
E2,01/04/02,Wigan,Peterboro,2,1,H,2,0,H,4497,"Bates, A.",13,9,5,5,0,0,10,5,14,13,3,3,0,0,0,0,0,0,1.78,3.3,3.95,1.7,3.2,3.7,1.67,3.4,4.33,1.75,3.3,4.2,1.8,3.4,3.75,1.72,3.4,4.2
E2,01/04/02,Wycombe,Tranmere,2,1,H,1,0,H,6297,"Alcock, P. E.",10,14,6,7,0,0,3,3,13,11,5,2,3,3,0,0,30,30,2.3,3.35,2.6,2.3,3,2.4,2.2,3.4,2.75,2.4,3.2,2.6,2.375,3.4,2.5,2.37,3.4,2.5
E2,02/04/02,Bournemouth,Colchester,0,1,A,0,0,D,5908,"Parkes, T. A.",15,3,7,1,0,0,12,1,10,14,4,2,0,0,0,0,0,0,2.1,3.25,3,1.85,3,3.3,2.1,3.25,3,2.1,3.25,3,2.1,3.4,2.875,2.1,3.25,3
E2,02/04/02,Cambridge,Chesterfield,4,1,H,3,0,H,2669,"Walton, P.",15,5,8,3,1,0,6,5,9,18,1,1,3,4,0,1,30,65,2.7,3.3,2.25,2.5,2.9,2.3,2.5,3.2,2.5,2.7,3.2,2.3,2.75,3.4,2.2,2.8,3.25,2.2
E2,06/04/02,Brentford,Huddersfield,3,0,H,3,0,H,7393,"Penton, C.",15,4,7,0,1,0,7,8,14,19,0,2,0,1,0,0,0,10,1.9,3.25,3.5,2,3,2.9,2.1,3.25,3,1.909,3.25,3.5,1.833,3.4,3.6,2,3.25,3.25
E2,06/04/02,Bristol City,Bury,2,0,H,0,0,D,9449,"Hegley, G. K.",22,3,10,2,0,0,10,2,7,12,5,4,1,2,0,0,10,20,1.5,3.6,5.75,1.45,3.6,4.8,1.44,3.75,6.5,1.533,3.5,5.5,1.5,3.75,5.5,1.44,4.2,5.5
E2,06/04/02,Chesterfield,Wigan,1,2,A,1,2,A,3896,"Stretton, F. G.",10,10,4,3,0,1,10,3,9,11,5,1,2,1,0,1,20,35,2.25,3.3,2.7,2.4,3,2.3,2.5,3.2,2.5,2.375,3.25,2.5,2.375,3.2,2.6,2.75,3.25,2.25
E2,06/04/02,Colchester,Cardiff,0,1,A,0,1,A,3970,"Danson, P. S.",7,10,3,5,0,2,8,5,16,11,1,2,0,1,0,0,0,10,3.5,3.4,1.85,3.4,3.1,1.8,4,3.5,1.73,3.6,3.4,1.85,3.25,3.5,1.909,3.6,3.4,1.83
E2,06/04/02,Northampton,Wycombe,4,1,H,0,1,A,5851,"Tomlin, S. G.",13,5,6,3,1,0,8,5,13,17,0,2,2,2,0,0,20,20,1.9,3.25,3.5,1.9,3.1,3,1.91,3.25,3.5,1.85,3.4,3.5,2,3.5,3,1.9,3.25,3.5
E2,06/04/02,Notts County,Blackpool,1,0,H,0,0,D,7783,"Armstrong, P.",12,7,5,3,0,0,2,3,12,16,3,0,1,4,0,0,10,40,1.7,3.45,4.15,1.7,3.2,3.7,2,3.25,3.25,1.7,3.5,4,1.833,3.4,3.6,1.66,3.75,4
E2,06/04/02,Oldham,Stoke,2,1,H,1,0,H,6802,"Gallagher, D. J.",13,6,6,1,1,0,10,0,14,13,5,3,0,3,0,1,0,55,2.7,3.3,2.25,2.4,3,2.3,2.5,3.4,2.37,2.75,3.4,2.2,3,3.5,2,2.62,3.2,2.37
E2,06/04/02,Peterboro,Brighton,0,1,A,0,0,D,8321,"Frankland, G. B.",21,12,8,6,0,0,12,1,8,14,2,3,2,1,0,0,20,10,3.5,3.25,1.9,3,3.1,1.9,3.4,3.4,1.91,3.6,3.4,1.833,3.5,3.6,1.8,3.5,3.25,1.9
E2,06/04/02,Port Vale,Bournemouth,0,0,D,0,0,D,3514,"Salisbury, G.",10,13,2,7,0,0,2,6,8,4,2,4,2,0,0,0,20,0,1.9,3.25,3.5,1.75,3.2,3.5,1.8,3.5,3.6,1.909,3.5,3.2,1.833,3.6,3.4,1.66,3.75,4
E2,06/04/02,Swindon,QPR,0,1,A,0,0,D,6774,"Hall, A. R.",7,7,3,2,0,0,6,8,11,19,7,4,0,3,0,0,0,30,2.65,3.2,2.35,2.4,3,2.3,2.62,3.2,2.37,2.7,3.2,2.3,2.6,3.2,2.375,2.62,3.2,2.37
E2,06/04/02,Wrexham,Cambridge,5,0,H,1,0,H,2581,"Fernandez, R",14,7,10,1,1,1,6,3,7,6,7,4,0,0,0,0,0,0,1.65,3.55,4.35,1.65,3.2,3.9,1.73,3.25,4.33,1.667,3.5,4.2,1.615,3.6,4.5,1.66,3.75,4
E2,07/04/02,Tranmere,Reading,2,2,D,1,0,H,9282,"Wilkes, C. R.",13,12,5,7,0,0,3,6,25,8,2,9,3,0,0,0,30,0,3.25,3.35,1.95,3,3.1,1.9,3,3.25,2.1,3.25,3.25,2,3,3.5,2,3.6,3.4,1.83
E2,09/04/02,Cambridge,Swindon,1,2,A,1,1,D,2406,"Armstrong, P.",8,8,5,3,0,1,3,6,15,19,1,2,3,4,0,0,30,40,2.35,3.3,2.6,2.3,2.9,2.5,2.37,3.2,2.62,2.4,3.25,2.5,2.5,3.2,2.5,2.3,3.4,2.6
E2,09/04/02,Huddersfield,Cardiff,2,2,D,0,1,A,11660,"Laws, G.",6,5,3,4,0,0,5,4,11,13,3,2,2,2,0,0,20,20,2.2,3.35,2.75,2.2,2.9,2.7,2.1,3.25,3,2.25,3.2,2.8,2.25,3.25,2.75,2.25,3.25,2.75
E2,13/04/02,Blackpool,Bristol City,5,1,H,4,0,H,9333,"Foster, D",9,8,6,2,0,0,2,8,10,6,4,4,0,3,0,0,0,30,3.55,3.4,1.85,,,,3.4,3.4,1.91,3.5,3.4,1.833,3.5,3.6,1.8,3.5,3.5,1.83
E2,13/04/02,Bournemouth,Chesterfield,3,1,H,1,0,H,6068,"Ross, J. J.",14,3,10,2,0,0,6,2,11,13,5,6,1,2,0,0,10,20,1.95,3.3,3.35,,,,2.2,3.25,2.87,2.1,3.25,3,2.1,3.25,3,2.25,3.2,2.8
E2,13/04/02,Brighton,Swindon,0,0,D,0,0,D,6870,"Bates, A.",10,4,1,1,0,0,6,6,13,17,1,0,0,1,0,0,0,10,1.25,5,8.5,1.25,4.3,8,1.2,5,12,1.2,5,11,1.25,5,8.5,1.22,5.5,8.5
E2,13/04/02,Bury,Colchester,1,3,A,0,1,A,5014,"Olivier, R. J.",19,11,8,5,0,0,7,3,15,10,2,4,1,1,0,0,10,10,1.7,3.4,4.3,,,,1.67,3.5,4.33,1.615,3.5,4.5,1.727,3.75,3.75,1.8,3.5,3.6
E2,13/04/02,Cambridge,Tranmere,2,1,H,0,1,A,4627,"Cable, L. E.",9,10,6,6,0,0,8,4,11,10,1,3,0,2,0,0,0,20,2.75,3.25,2.25,,,,2.75,3.25,2.25,2.75,3.2,2.2,2.75,3.25,2.25,2.75,3.25,2.25
E2,13/04/02,Cardiff,Notts County,2,1,H,0,1,A,17105,"Rejer, P.",16,9,6,3,1,1,8,3,11,14,3,1,0,0,0,0,0,0,1.5,3.75,5.5,,,,1.44,4,6,1.5,3.75,5.5,1.5,3.75,5.5,1.53,3.5,5.5
E2,13/04/02,Huddersfield,Port Vale,2,1,H,1,1,D,12270,"Fletcher, M.",9,5,5,3,0,0,5,1,13,17,2,2,0,1,0,0,0,10,1.35,4.1,7.6,1.35,3.8,6.2,1.36,4,7.5,1.333,4,8,1.364,4.333,6.5,1.4,4,6.5
E2,13/04/02,QPR,Brentford,0,0,D,0,0,D,18346,"Foy, C. J.",7,5,2,0,0,1,4,7,15,16,1,3,1,4,0,0,10,40,2.5,3.15,2.5,,,,2.75,3.25,2.25,2.625,3.4,2.25,2.625,3.6,2.2,2.5,3.4,2.37
E2,13/04/02,Reading,Peterboro,2,2,D,0,1,A,22151,"Crick, D. R.",19,8,13,4,0,1,9,4,8,19,6,6,1,2,0,0,10,20,1.35,4.2,7.3,1.25,4.3,8,1.28,4.5,9,1.25,4.6,9.5,1.286,4.5,8.5,1.28,4.5,8.5
E2,13/04/02,Stoke,Wrexham,1,0,H,1,0,H,14298,"Kaye, A.",8,3,5,1,0,0,5,5,7,12,2,1,0,2,0,0,0,20,1.25,5,8.5,1.15,5.5,11,1.25,4.5,11,1.25,4.75,8.5,1.222,5.5,8.5,1.25,5,8.5
E2,13/04/02,Wigan,Northampton,3,0,H,2,0,H,5938,"Cooper, M. A.",15,2,7,0,0,0,5,10,10,11,0,1,2,2,0,0,20,20,2,3.3,3.2,,,,1.91,3.5,3.25,2,3.2,3.2,1.8,3.6,3.5,1.83,3.4,3.6
E2,13/04/02,Wycombe,Oldham,2,1,H,2,0,H,6728,"Joslin, P. J.",4,4,2,2,0,0,8,7,18,14,3,3,1,0,0,0,10,0,2.15,3.25,2.9,,,,2.25,3.25,2.75,2.1,3.25,2.875,2.25,3.2,2.8,2.2,3.25,2.8
E2,20/04/02,Brentford,Reading,1,1,D,0,0,D,11303,"Stretton, F. G.",12,9,4,3,0,0,1,6,11,12,5,7,3,1,0,0,30,10,2.1,3.2,3.05,,,,1.91,3.25,3.5,2.1,3.25,3,2.1,3.2,3.1,2.1,3,3.25
E2,20/04/02,Bristol City,Stoke,1,1,D,0,1,A,11277,"Pugh, D.",9,3,2,2,0,0,3,6,9,15,1,3,1,1,0,0,10,10,2.4,3.2,2.6,,,,2.2,3.25,2.87,2.375,3.2,2.5,2.5,3.4,2.375,2.25,3.4,2.62
E2,20/04/02,Chesterfield,Blackpool,2,1,H,1,0,H,4788,"Beeby, R. J.",12,16,6,9,0,1,6,9,12,15,4,1,2,3,0,0,20,30,2.15,3.2,2.8,,,,2.62,3.2,2.37,2.25,3.2,2.625,2.25,3.25,2.75,2.25,3.4,2.62
E2,20/04/02,Colchester,Wigan,2,2,D,2,0,H,3672,"Baines, S. J.",10,12,5,7,0,0,5,5,5,4,2,2,0,0,0,0,0,0,2.4,3.2,2.6,,,,2.75,3.25,2.25,2.375,3.2,2.5,2.5,3.2,2.5,2.4,3.2,2.6
E2,20/04/02,Northampton,Cambridge,2,2,D,1,1,D,6723,"D'Urso, A. P.",11,5,6,3,1,0,8,6,11,15,8,1,1,2,0,0,10,20,1.6,3.4,5.1,,,,1.61,3.6,4.5,1.667,3.4,4.2,1.727,3.5,4,1.66,3.4,4.5
E2,20/04/02,Notts County,Huddersfield,2,1,H,1,0,H,15618,"Webb, H. M.",12,8,6,5,1,0,8,6,12,17,2,0,1,1,0,0,10,10,2.05,3.2,3.15,,,,2,3.25,3.25,2,3.1,3.3,2,3,3.4,2,2.87,3.75
E2,20/04/02,Oldham,QPR,1,0,H,1,0,H,7262,"Laws, G.",9,10,5,5,1,0,3,8,16,11,4,3,2,2,0,0,20,20,2.15,3.2,2.95,,,,2.1,3.25,3,2.1,3.2,2.875,2.2,3.25,2.8,2,3.25,3.25
E2,20/04/02,Peterboro,Bury,2,1,H,1,0,H,5754,"Harris, R. J.",10,6,4,4,0,1,4,5,13,7,4,8,1,1,0,0,10,10,1.7,3.4,4.3,,,,1.61,3.6,4.5,1.667,3.4,4.2,1.727,3.25,4.333,1.72,3.4,4.2
E2,20/04/02,Port Vale,Brighton,0,1,A,0,0,D,8812,"Ryan, M.",6,6,2,3,0,0,2,7,11,6,0,3,3,1,1,0,55,10,2.65,3.2,2.35,,,,3,3.25,2.1,2.625,3.25,2.25,2.625,3.4,2.25,2.5,3.2,2.5
E2,20/04/02,Swindon,Wycombe,1,1,D,0,1,A,7492,"Jordan, W. M.",16,10,8,3,0,0,10,4,7,17,3,3,2,1,0,0,20,10,2,3.2,3.3,,,,2.2,3.25,2.87,2.1,3.2,2.875,2.2,3.25,2.8,2,3.25,3.25
E2,20/04/02,Tranmere,Cardiff,0,1,A,0,0,D,8375,"Pearson, R.",14,8,5,4,2,0,5,3,12,6,4,2,1,1,0,0,10,10,2.6,3.2,2.4,,,,2.5,3.2,2.5,2.5,3.2,2.375,2.8,3.25,2.2,2.5,3.2,2.5
E2,20/04/02,Wrexham,Bournemouth,2,1,H,0,1,A,4289,"Rennie, U. D.",19,5,14,2,2,0,8,2,5,19,2,3,0,1,0,1,0,35,3,3.4,2.05,,,,2.75,3.25,2.2,3.4,3.4,1.85,3.2,3.75,1.833,3.25,3.5,1.9
